site,wildtype,wtAA,mutAA,p2_L1_virus
847,ACA,T,T,0
848,ATG,M,M,0
849,ACA,T,T,0
850,AAT,N,N,0
851,ACG,T,T,0
852,GGC,G,G,0
853,GCA,A,A,0
854,TTT,F,F,0
855,GGA,G,G,0
856,CAA,Q,Q,0
857,CAA,Q,Q,0
858,TCA,S,S,3.200181526743805e-4
859,GGG,G,G,0
860,GCA,A,A,0
861,GTG,V,V,0
862,TAT,Y,Y,0
863,GTG,V,V,0
864,GGG,G,G,0
865,AAC,N,N,0
866,TAC,Y,Y,0
867,AGG,R,R,2.1653239832236816e-4
868,GTG,V,V,0
869,GTA,V,V,0
870,AAT,N,N,0
871,AGA,R,R,3.8428566325982515e-4
872,CAT,H,H,0
873,CTA,L,L,3.1085477455243635e-4
874,GCT,A,A,0
875,ACC,T,T,0
876,AGT,S,S,1.809632698571296e-4
877,GCT,A,A,0
878,GAC,D,D,0
879,TGG,W,W,0
880,CAA,Q,Q,0
881,AAC,N,N,0
882,TGT,C,C,0
883,GTG,V,V,0
884,TGG,W,W,0
885,GAA,E,E,0
886,AGT,S,S,3.3224355563395033e-4
887,TAC,Y,Y,0
888,AAC,N,N,0
889,AGA,R,R,1.3852840311790954e-4
890,GAC,D,D,0
891,CTC,L,L,1.844481109557992e-4
892,TTA,L,L,1.7754738932139385e-4
893,GTG,V,V,0
894,AGC,S,S,3.4012752607087015e-5
895,ACG,T,T,0
896,ACC,T,T,0
897,ACA,T,T,0
898,GCA,A,A,0
899,CAT,H,H,0
900,GGA,G,G,0
901,TGT,C,C,0
902,GAT,D,D,0
903,ATT,I,I,0
904,ATA,I,I,0
905,GCC,A,A,0
906,AGA,R,R,1.64867178950467e-4
907,TGT,C,C,0
908,CAG,Q,Q,0
909,TGC,C,C,0
910,ACA,T,T,0
911,ACG,T,T,0
912,GGA,G,G,0
913,GTG,V,V,0
914,TAC,Y,Y,0
915,TTT,F,F,0
916,TGT,C,C,0
917,GCG,A,A,0
918,TCC,S,S,1.0278849590295606e-4
919,AAA,K,K,0
920,AAC,N,N,0
921,AAG,K,K,0
922,CAC,H,H,0
923,TAC,Y,Y,0
924,CCA,P,P,0
925,ATT,I,I,0
926,TCG,S,S,1.0766330042218579e-4
927,TTT,F,F,0
928,GAA,E,E,0
929,GGA,G,G,0
930,CCA,P,P,0
931,GGT,G,G,0
932,CTA,L,L,1.814698689582038e-4
933,GTA,V,V,0
934,GAG,E,E,0
935,GTC,V,V,0
936,CAA,Q,Q,0
937,GAG,E,E,0
938,AGT,S,S,1.3182934804484953e-4
939,GAA,E,E,0
940,TAC,Y,Y,0
941,TAC,Y,Y,0
942,CCC,P,P,0
943,AGG,R,R,1.6911847780025127e-4
944,AGA,R,R,2.249785458805452e-5
945,TAC,Y,Y,0
946,CAA,Q,Q,0
947,TCC,S,S,1.07115058870218e-4
948,CAT,H,H,0
949,GTG,V,V,0
950,CTT,L,L,1.0974284667581105e-4
951,TTA,L,L,2.717526166962965e-4
952,GCA,A,A,0
953,GCT,A,A,0
954,GGA,G,G,0
955,TTT,F,F,0
956,TCC,S,S,1.4078756806200246e-4
957,GAA,E,E,0
958,CCA,P,P,0
959,GGT,G,G,0
960,GAC,D,D,0
961,TGT,C,C,0
962,GGC,G,G,0
963,GGT,G,G,0
964,ATC,I,I,0
965,CTA,L,L,2.780096738088604e-4
966,AGG,R,R,2.936345795729147e-5
967,TGT,C,C,0
968,GAG,E,E,0
969,CAT,H,H,0
970,GGT,G,G,0
971,GTC,V,V,0
972,ATT,I,I,0
973,GGC,G,G,0
974,ATT,I,I,0
975,GTG,V,V,0
976,ACC,T,T,0
977,ATG,M,M,0
978,GGG,G,G,0
979,GGT,G,G,0
980,GAA,E,E,0
981,GGC,G,G,0
982,GTG,V,V,0
983,GTC,V,V,0
984,GGC,G,G,0
985,TTT,F,F,0
986,GCA,A,A,0
987,GAC,D,D,0
988,ATC,I,I,0
989,CGT,R,R,1.9042519660472076e-4
990,GAT,D,D,0
991,CTC,L,L,3.1969502009783187e-4
992,CTG,L,L,3.384202431694769e-4
993,TGG,W,W,0
994,CTG,L,L,1.8638324994058524e-4
995,GAA,E,E,0
996,GAT,D,D,0
997,GAT,D,D,0
998,GCA,A,A,0
999,ATG,M,M,0
1000,GAA,E,E,0
1001,CAG,Q,Q,0
1002,GGA,G,G,0
1003,GTG,V,V,0
1004,AAG,K,K,0
1005,GAC,D,D,0
1006,TAT,Y,Y,0
1007,GTG,V,V,0
1008,GAA,E,E,0
1009,CAG,Q,Q,0
1010,CTT,L,L,1.5113019599694597e-4
1011,GGA,G,G,0
1012,AAT,N,N,0
1013,GCA,A,A,0
1014,TTC,F,F,0
1015,GGC,G,G,0
1016,TCC,S,S,2.628796543822273e-4
1017,GGC,G,G,0
1018,TTT,F,F,0
1019,ACT,T,T,0
1020,AAC,N,N,0
1021,CAA,Q,Q,0
1022,ATA,I,I,0
1023,TGT,C,C,0
1024,GAG,E,E,0
1025,CAA,Q,Q,0
1026,GTC,V,V,0
1027,AAC,N,N,0
1028,CTC,L,L,2.3766774890145428e-4
1029,CTG,L,L,2.06203108247053e-4
1030,AAA,K,K,0
1031,GAA,E,E,0
1032,TCA,S,S,1.3648847706056557e-4
1033,CTA,L,L,1.4572091870902594e-4
1034,GTG,V,V,0
1035,GGT,G,G,0
1036,CAA,Q,Q,0
1037,GAC,D,D,0
1038,TCC,S,S,-8.445528765511785e-6
1039,ATC,I,I,0
1040,TTA,L,L,2.54923169087284e-4
1041,GAG,E,E,0
1042,AAA,K,K,0
1043,TCT,S,S,1.3486981993856005e-4
1044,CTA,L,L,1.826711655647481e-4
1045,AAA,K,K,0
1046,GCC,A,A,0
1047,TTA,L,L,2.9656589177878004e-4
1048,GTT,V,V,0
1049,AAG,K,K,0
1050,ATA,I,I,0
1051,ATA,I,I,0
1052,TCA,S,S,1.7062004459807078e-4
1053,GCC,A,A,0
1054,TTA,L,L,1.6232346946645247e-4
1055,GTA,V,V,0
1056,ATT,I,I,0
1057,GTG,V,V,0
1058,GTG,V,V,0
1059,AGG,R,R,3.0545528733422943e-4
1060,AAC,N,N,0
1061,CAC,H,H,0
1062,GAT,D,D,0
1063,GAC,D,D,0
1064,CTG,L,L,1.27075280918199e-4
1065,ATC,I,I,0
1066,ACT,T,T,0
1067,GTG,V,V,0
1068,ACT,T,T,0
1069,GCC,A,A,0
1070,ACA,T,T,0
1071,CTA,L,L,3.0394435111841706e-4
1072,GCC,A,A,0
1073,CTT,L,L,2.3989405380670412e-4
1074,ATC,I,I,0
1075,GGT,G,G,0
1076,TGT,C,C,0
1077,ACC,T,T,0
1078,TCG,S,S,8.573488796691879e-5
1079,TCC,S,S,4.8951335242763135e-5
1080,CCG,P,P,0
1081,TGG,W,W,0
1082,CGG,R,R,1.5288424679206155e-4
1083,TGG,W,W,0
1084,CTC,L,L,1.2727137452698607e-4
1085,AAA,K,K,0
1086,CAG,Q,Q,0
1087,AAG,K,K,0
1088,GTG,V,V,0
1089,TCA,S,S,6.817794936058234e-5
1090,CAA,Q,Q,0
1091,TAT,Y,Y,0
1092,TAC,Y,Y,0
1093,GGA,G,G,0
1094,ATC,I,I,0
1095,CCT,P,P,0
1096,ATG,M,M,0
1097,GCT,A,A,0
1098,GAA,E,E,0
1099,CGC,R,R,8.191265517337947e-5
1100,CAA,Q,Q,0
1101,AAC,N,N,0
1102,AAT,N,N,0
1103,AGC,S,S,1.6159238105198194e-4
1104,TGG,W,W,0
1105,CTT,L,L,3.015739802598944e-5
1106,AAG,K,K,0
1107,AAA,K,K,0
1108,TTT,F,F,0
1109,ACT,T,T,0
1110,GAA,E,E,0
1111,ATG,M,M,0
1112,ACA,T,T,0
1113,AAT,N,N,0
1114,GCT,A,A,0
1115,TGC,C,C,0
1116,AAG,K,K,0
1117,GGT,G,G,0
1118,ATG,M,M,0
1119,GAA,E,E,0
1120,TGG,W,W,0
1121,ATA,I,I,0
1122,GCT,A,A,0
1123,GTC,V,V,0
1124,AAA,K,K,0
1125,ATT,I,I,0
1126,CAG,Q,Q,0
1127,AAA,K,K,0
1128,TTC,F,F,0
1129,ATT,I,I,0
1130,GAA,E,E,0
1131,TGG,W,W,0
1132,CTC,L,L,2.310126925205202e-5
1133,AAA,K,K,0
1134,GTA,V,V,0
1135,AAA,K,K,0
1136,ATT,I,I,0
1137,TTG,L,L,1.2122743167630262e-4
1138,CCA,P,P,0
1139,GAG,E,E,0
1140,GTC,V,V,0
1141,AGA,R,R,-1.3153305272366636e-5
1142,GAA,E,E,0
1143,AAA,K,K,0
1144,CAC,H,H,0
1145,GAG,E,E,0
1146,TTC,F,F,0
1147,CTG,L,L,2.8705723650357198e-5
1148,AAC,N,N,0
1149,AGA,R,R,1.6360708182593003e-4
1150,CTT,L,L,3.6926689071772256e-5
1151,AAA,K,K,0
1152,CAA,Q,Q,0
1153,CTC,L,L,2.1800448968413013e-4
1154,CCC,P,P,0
1155,TTA,L,L,8.953250284409494e-5
1156,TTA,L,L,7.104891997594972e-5
1157,GAA,E,E,0
1158,AGT,S,S,2.090101334260381e-4
1159,CAG,Q,Q,0
1160,ATC,I,I,0
1161,GCC,A,A,0
1162,ACA,T,T,0
1163,ATC,I,I,0
1164,GAG,E,E,0
1165,CAG,Q,Q,0
1166,AGC,S,S,6.666616856467624e-5
1167,GCG,A,A,0
1168,CCA,P,P,0
1169,TCC,S,S,4.2359617866933523e-4
1170,CAA,Q,Q,0
1171,AGT,S,S,2.8400706941969413e-4
1172,GAC,D,D,0
1173,CAG,Q,Q,0
1174,GAA,E,E,0
1175,CAA,Q,Q,0
1176,TTA,L,L,2.0764902880517278e-5
1177,TTT,F,F,0
1178,TCC,S,S,2.0773539593579393e-4
1179,AAT,N,N,0
1180,GTC,V,V,0
1181,CAA,Q,Q,0
1182,TAC,Y,Y,0
1183,TTT,F,F,0
1184,GCC,A,A,0
1185,CAC,H,H,0
1186,TAT,Y,Y,0
1187,TGC,C,C,0
1188,AGA,R,R,1.1995320504364861e-4
1189,AAG,K,K,0
1190,TAC,Y,Y,0
1191,GCT,A,A,0
1192,CCC,P,P,0
1193,CTC,L,L,3.2441116624229725e-4
1194,TAC,Y,Y,0
1195,GCA,A,A,0
1196,GCT,A,A,0
1197,GAA,E,E,0
1198,GCA,A,A,0
1199,AAG,K,K,0
1200,AGG,R,R,1.1156621640226607e-4
1201,GTG,V,V,0
1202,TTC,F,F,0
1203,TCC,S,S,1.247130252697987e-4
1204,CTT,L,L,3.081940778812675e-4
1205,GAG,E,E,0
1206,AAG,K,K,0
1207,AAG,K,K,0
1208,ATG,M,M,0
1209,AGC,S,S,2.920969043653258e-4
1210,AAT,N,N,0
1211,TAC,Y,Y,0
1212,ATA,I,I,0
1213,CAG,Q,Q,0
1214,TTC,F,F,0
1215,AAG,K,K,0
1216,TCC,S,S,-6.119653705812639e-5
1217,AAA,K,K,0
1218,TGC,C,C,0
1219,CGT,R,R,0
1220,ATT,I,I,0
1221,GAA,E,E,0
1222,CCT,P,P,0
1223,GTA,V,V,0
1224,TGT,C,C,0
1225,TTG,L,L,2.732100814128378e-4
1226,CTC,L,L,2.093582350313789e-4
1227,CTG,L,L,2.4967257812895464e-4
1228,CAC,H,H,0
1229,GGG,G,G,0
1230,AGC,S,S,2.556009785584893e-4
1231,CCT,P,P,0
1232,GGT,G,G,0
1233,GCC,A,A,0
1234,GGC,G,G,0
1235,AAG,K,K,0
1236,TCG,S,S,1.8864594613117962e-4
1237,GTG,V,V,0
1238,GCA,A,A,0
1239,ACA,T,T,0
1240,AAC,N,N,0
1241,TTA,L,L,2.601945286831849e-4
1242,ATT,I,I,0
1243,GGA,G,G,0
1244,AGG,R,R,1.9622754309486852e-4
1245,TCG,S,S,6.064697557201407e-5
1246,CTT,L,L,2.697551057003534e-4
1247,GCT,A,A,0
1248,GAG,E,E,0
1249,AAA,K,K,0
1250,CTC,L,L,2.952429831603023e-4
1251,AAC,N,N,0
1252,AGC,S,S,2.0181885831117358e-4
1253,TCA,S,S,1.2315200485233087e-4
1254,GTG,V,V,0
1255,TAC,Y,Y,0
1256,TCA,S,S,2.924900241421478e-4
1257,CTA,L,L,2.0567418158807664e-4
1258,CCG,P,P,0
1259,CCA,P,P,0
1260,GAC,D,D,0
1261,CCA,P,P,0
1262,GAT,D,D,0
1263,CAC,H,H,0
1264,TTC,F,F,0
1265,GAC,D,D,0
1266,GGA,G,G,0
1267,TAC,Y,Y,0
1268,AAA,K,K,0
1269,CAG,Q,Q,0
1270,CAG,Q,Q,0
1271,GCC,A,A,0
1272,GTG,V,V,0
1273,GTG,V,V,0
1274,ATT,I,I,0
1275,ATG,M,M,0
1276,GAC,D,D,0
1277,GAT,D,D,0
1278,CTA,L,L,2.4374566727977456e-4
1279,TGC,C,C,0
1280,CAG,Q,Q,0
1281,AAT,N,N,0
1282,CCT,P,P,0
1283,GAT,D,D,0
1284,GGG,G,G,0
1285,AAA,K,K,0
1286,GAC,D,D,0
1287,GTC,V,V,0
1288,TCC,S,S,2.6530815439333635e-4
1289,TTG,L,L,6.296179924219835e-4
1290,TTC,F,F,0
1291,TGC,C,C,0
1292,CAA,Q,Q,0
1293,ATG,M,M,0
1294,GTT,V,V,0
1295,TCC,S,S,2.838278117316543e-4
1296,AGT,S,S,3.9962313665239534e-4
1297,GTA,V,V,0
1298,GAT,D,D,0
1299,TTT,F,F,0
1300,GTA,V,V,0
1301,CCA,P,P,0
1302,CCC,P,P,0
1303,ATG,M,M,0
1304,GCT,A,A,0
1305,GCC,A,A,0
1306,CTA,L,L,2.310351202821601e-4
1307,GAA,E,E,0
1308,GAG,E,E,0
1309,AAA,K,K,0
1310,GGC,G,G,0
1311,ATT,I,I,0
1312,CTG,L,L,4.670568308812748e-4
1313,TTC,F,F,0
1314,ACC,T,T,0
1315,TCA,S,S,3.7350553801787775e-4
1316,CCG,P,P,0
1317,TTT,F,F,0
1318,GTC,V,V,0
1319,TTG,L,L,3.4644158567946176e-4
1320,GCA,A,A,0
1321,TCG,S,S,3.397347854000096e-4
1322,ACC,T,T,0
1323,AAT,N,N,0
1324,GCA,A,A,0
1325,GGA,G,G,0
1326,TCT,S,S,-5.560272769258011e-6
1327,ATT,I,I,0
1328,AAT,N,N,0
1329,GCT,A,A,0
1330,CCA,P,P,0
1331,ACC,T,T,0
1332,GTG,V,V,0
1333,TCA,S,S,3.6787435467403154e-4
1334,GAT,D,D,0
1335,AGC,S,S,2.2429600131730634e-4
1336,AGA,R,R,4.3196806265421544e-4
1337,GCC,A,A,0
1338,TTG,L,L,2.3867651293249978e-4
1339,GCA,A,A,0
1340,AGG,R,R,5.207157901624508e-4
1341,AGA,R,R,2.87552722834788e-4
1342,TTT,F,F,0
1343,CAC,H,H,0
1344,TTT,F,F,0
1345,GAC,D,D,0
1346,ATG,M,M,0
1347,AAC,N,N,0
1348,ATC,I,I,0
1349,GAG,E,E,0
1350,GTT,V,V,0
1351,ATT,I,I,0
1352,TCC,S,S,2.898440184850283e-4
1353,ATG,M,M,0
1354,TAC,Y,Y,0
1355,AGT,S,S,3.829749343959721e-4
1356,CAG,Q,Q,0
1357,AAT,N,N,0
1358,GGC,G,G,0
1359,AAG,K,K,0
1360,ATA,I,I,0
1361,AAC,N,N,0
1362,ATG,M,M,0
1363,CCC,P,P,0
1364,ATG,M,M,0
1365,TCA,S,S,2.7796590511238475e-4
1366,GTC,V,V,0
1367,AAG,K,K,0
1368,ACT,T,T,0
1369,TGT,C,C,0
1370,GAC,D,D,0
1371,GAT,D,D,0
1372,GAG,E,E,0
1373,TGT,C,C,0
1374,TGC,C,C,0
1375,CCG,P,P,0
1376,GTC,V,V,0
1377,AAT,N,N,0
1378,TTT,F,F,0
1379,AAA,K,K,0
1380,AAG,K,K,0
1381,TGC,C,C,0
1382,TGC,C,C,0
1383,CCT,P,P,0
1384,CTT,L,L,1.2192682581560463e-4
1385,GTG,V,V,0
1386,TGT,C,C,0
1387,GGG,G,G,0
1388,AAG,K,K,0
1389,GCT,A,A,0
1390,ATA,I,I,0
1391,CAA,Q,Q,0
1392,TTC,F,F,0
1393,ATT,I,I,0
1394,GAT,D,D,0
1395,AGA,R,R,4.806629648745341e-4
1396,AGA,R,R,5.905009975672698e-4
1397,ACA,T,T,0
1398,CAG,Q,Q,0
1399,GTC,V,V,0
1400,AGA,R,R,5.141585560888035e-4
1401,TAC,Y,Y,0
1402,TCT,S,S,4.0626350202265795e-4
1403,CTA,L,L,3.1437386722874694e-4
1404,GAC,D,D,0
1405,ATG,M,M,0
1406,CTA,L,L,3.906847465212051e-4
1407,GTC,V,V,0
1408,ACC,T,T,0
1409,GAG,E,E,0
1410,ATG,M,M,0
1411,TTT,F,F,0
1412,AGG,R,R,6.139186468770952e-4
1413,GAG,E,E,0
1414,TAC,Y,Y,0
1415,AAT,N,N,0
1416,CAT,H,H,0
1417,AGA,R,R,5.94268681896188e-4
1418,CAT,H,H,0
1419,AGC,S,S,3.163142176679844e-4
1420,GTG,V,V,0
1421,GGG,G,G,0
1422,ACC,T,T,0
1423,ACG,T,T,0
1424,CTT,L,L,1.6094632717607454e-4
1425,GAG,E,E,0
1426,GCA,A,A,0
1427,CTG,L,L,3.2474415075571186e-4
1428,TTC,F,F,0
1429,CAG,Q,Q,0
1430,GGA,G,G,0
1431,CCA,P,P,0
1432,CCA,P,P,0
1433,GTA,V,V,0
1434,TAC,Y,Y,0
