site,wildtype,p2_L2_hela_RPE
847,ACA,0.5321537248606819
848,ATG,1.340640888886383
849,ACA,-0.11784315756041107
850,AAT,2.751804980064465
851,ACG,0.4331071271234519
852,GGC,NA
853,GCA,0.0948752816437167
854,TTT,0.4343036903759111
855,GGA,-0.3208769728315317
856,CAA,-0.4360226073368407
857,CAA,NA
858,TCA,0.6748492944267332
859,GGG,0.8083851879758516
860,GCA,0.17072177667728836
861,GTG,-0.9472798180047012
862,TAT,-0.36132837713441185
863,GTG,0.4079549578118963
864,GGG,NA
865,AAC,NA
866,TAC,NA
867,AGG,NA
868,GTG,NA
869,GTA,NA
870,AAT,NA
871,AGA,NA
872,CAT,NA
873,CTA,NA
874,GCT,NA
875,ACC,0.1421648540192626
876,AGT,0.49341855472674306
877,GCT,-1.4850591820221943
878,GAC,NA
879,TGG,NA
880,CAA,NA
881,AAC,NA
882,TGT,NA
883,GTG,NA
884,TGG,NA
885,GAA,NA
886,AGT,NA
887,TAC,NA
888,AAC,NA
889,AGA,NA
890,GAC,NA
891,CTC,NA
892,TTA,NA
893,GTG,NA
894,AGC,-0.9915881385466091
895,ACG,0.5626244108237634
896,ACC,NA
897,ACA,NA
898,GCA,0.5509445467017865
899,CAT,1.0725444822981645
900,GGA,-0.9749230760546719
901,TGT,0.2389226202049194
902,GAT,NA
903,ATT,NA
904,ATA,NA
905,GCC,NA
906,AGA,NA
907,TGT,NA
908,CAG,NA
909,TGC,NA
910,ACA,NA
911,ACG,NA
912,GGA,NA
913,GTG,NA
914,TAC,NA
915,TTT,NA
916,TGT,NA
917,GCG,NA
918,TCC,NA
919,AAA,NA
920,AAC,NA
921,AAG,NA
922,CAC,NA
923,TAC,NA
924,CCA,NA
925,ATT,NA
926,TCG,NA
927,TTT,NA
928,GAA,-1.7289916104356666
929,GGA,0.05396490215389888
930,CCA,-1.7314729869338614
931,GGT,NA
932,CTA,NA
933,GTA,NA
934,GAG,NA
935,GTC,NA
936,CAA,NA
937,GAG,NA
938,AGT,NA
939,GAA,1.101888498987344
940,TAC,NA
941,TAC,NA
942,CCC,NA
943,AGG,NA
944,AGA,NA
945,TAC,NA
946,CAA,NA
947,TCC,NA
948,CAT,NA
949,GTG,NA
950,CTT,NA
951,TTA,NA
952,GCA,NA
953,GCT,NA
954,GGA,NA
955,TTT,NA
956,TCC,NA
957,GAA,NA
958,CCA,NA
959,GGT,NA
960,GAC,NA
961,TGT,NA
962,GGC,NA
963,GGT,NA
964,ATC,NA
965,CTA,NA
966,AGG,NA
967,TGT,NA
968,GAG,NA
969,CAT,NA
970,GGT,NA
971,GTC,NA
972,ATT,NA
973,GGC,NA
974,ATT,NA
975,GTG,NA
976,ACC,NA
977,ATG,NA
978,GGG,NA
979,GGT,NA
980,GAA,NA
981,GGC,NA
982,GTG,0.5424394739144139
983,GTC,NA
984,GGC,NA
985,TTT,NA
986,GCA,NA
987,GAC,NA
988,ATC,NA
989,CGT,NA
990,GAT,NA
991,CTC,NA
992,CTG,NA
993,TGG,NA
994,CTG,NA
995,GAA,NA
996,GAT,NA
997,GAT,NA
998,GCA,NA
999,ATG,NA
1000,GAA,NA
1001,CAG,NA
1002,GGA,NA
1003,GTG,NA
1004,AAG,NA
1005,GAC,NA
1006,TAT,NA
1007,GTG,NA
1008,GAA,NA
1009,CAG,NA
1010,CTT,NA
1011,GGA,NA
1012,AAT,NA
1013,GCA,NA
1014,TTC,NA
1015,GGC,NA
1016,TCC,NA
1017,GGC,NA
1018,TTT,NA
1019,ACT,NA
1020,AAC,NA
1021,CAA,NA
1022,ATA,NA
1023,TGT,NA
1024,GAG,NA
1025,CAA,NA
1026,GTC,NA
1027,AAC,NA
1028,CTC,NA
1029,CTG,NA
1030,AAA,NA
1031,GAA,NA
1032,TCA,NA
1033,CTA,NA
1034,GTG,NA
1035,GGT,NA
1036,CAA,NA
1037,GAC,NA
1038,TCC,NA
1039,ATC,NA
1040,TTA,NA
1041,GAG,NA
1042,AAA,NA
1043,TCT,NA
1044,CTA,NA
1045,AAA,NA
1046,GCC,NA
1047,TTA,NA
1048,GTT,NA
1049,AAG,NA
1050,ATA,NA
1051,ATA,NA
1052,TCA,NA
1053,GCC,NA
1054,TTA,NA
1055,GTA,NA
1056,ATT,NA
1057,GTG,NA
1058,GTG,NA
1059,AGG,NA
1060,AAC,-0.30533096616187594
1061,CAC,-1.172003249829053
1062,GAT,NA
1063,GAC,-2.8614775314517433
1064,CTG,NA
1065,ATC,NA
1066,ACT,NA
1067,GTG,NA
1068,ACT,NA
1069,GCC,NA
1070,ACA,NA
1071,CTA,NA
1072,GCC,NA
1073,CTT,NA
1074,ATC,NA
1075,GGT,NA
1076,TGT,NA
1077,ACC,NA
1078,TCG,NA
1079,TCC,NA
1080,CCG,NA
1081,TGG,NA
1082,CGG,NA
1083,TGG,NA
1084,CTC,NA
1085,AAA,NA
1086,CAG,NA
1087,AAG,NA
1088,GTG,NA
1089,TCA,NA
1090,CAA,NA
1091,TAT,NA
1092,TAC,NA
1093,GGA,NA
1094,ATC,NA
1095,CCT,NA
1096,ATG,NA
1097,GCT,NA
1098,GAA,NA
1099,CGC,NA
1100,CAA,NA
1101,AAC,NA
1102,AAT,NA
1103,AGC,NA
1104,TGG,NA
1105,CTT,NA
1106,AAG,NA
1107,AAA,NA
1108,TTT,NA
1109,ACT,NA
1110,GAA,NA
1111,ATG,NA
1112,ACA,NA
1113,AAT,NA
1114,GCT,NA
1115,TGC,NA
1116,AAG,NA
1117,GGT,NA
1118,ATG,NA
1119,GAA,NA
1120,TGG,NA
1121,ATA,NA
1122,GCT,NA
1123,GTC,NA
1124,AAA,NA
1125,ATT,NA
1126,CAG,NA
1127,AAA,NA
1128,TTC,NA
1129,ATT,NA
1130,GAA,NA
1131,TGG,NA
1132,CTC,NA
1133,AAA,NA
1134,GTA,1.1027543531404982
1135,AAA,NA
1136,ATT,NA
1137,TTG,NA
1138,CCA,NA
1139,GAG,NA
1140,GTC,NA
1141,AGA,NA
1142,GAA,NA
1143,AAA,NA
1144,CAC,NA
1145,GAG,NA
1146,TTC,NA
1147,CTG,NA
1148,AAC,NA
1149,AGA,NA
1150,CTT,NA
1151,AAA,NA
1152,CAA,NA
1153,CTC,NA
1154,CCC,NA
1155,TTA,NA
1156,TTA,NA
1157,GAA,NA
1158,AGT,NA
1159,CAG,NA
1160,ATC,NA
1161,GCC,NA
1162,ACA,NA
1163,ATC,NA
1164,GAG,NA
1165,CAG,NA
1166,AGC,NA
1167,GCG,NA
1168,CCA,NA
1169,TCC,NA
1170,CAA,NA
1171,AGT,NA
1172,GAC,NA
1173,CAG,NA
1174,GAA,NA
1175,CAA,NA
1176,TTA,NA
1177,TTT,NA
1178,TCC,NA
1179,AAT,NA
1180,GTC,NA
1181,CAA,NA
1182,TAC,NA
1183,TTT,NA
1184,GCC,NA
1185,CAC,NA
1186,TAT,NA
1187,TGC,NA
1188,AGA,NA
1189,AAG,NA
1190,TAC,NA
1191,GCT,NA
1192,CCC,NA
1193,CTC,NA
1194,TAC,NA
1195,GCA,NA
1196,GCT,NA
1197,GAA,NA
1198,GCA,NA
1199,AAG,NA
1200,AGG,NA
1201,GTG,NA
1202,TTC,NA
1203,TCC,NA
1204,CTT,NA
1205,GAG,NA
1206,AAG,NA
1207,AAG,NA
1208,ATG,NA
1209,AGC,NA
1210,AAT,NA
1211,TAC,NA
1212,ATA,NA
1213,CAG,NA
1214,TTC,NA
1215,AAG,NA
1216,TCC,NA
1217,AAA,NA
1218,TGC,NA
1219,CGT,NA
1220,ATT,NA
1221,GAA,NA
1222,CCT,NA
1223,GTA,NA
1224,TGT,NA
1225,TTG,NA
1226,CTC,NA
1227,CTG,NA
1228,CAC,NA
1229,GGG,NA
1230,AGC,NA
1231,CCT,NA
1232,GGT,NA
1233,GCC,NA
1234,GGC,NA
1235,AAG,NA
1236,TCG,NA
1237,GTG,NA
1238,GCA,NA
1239,ACA,NA
1240,AAC,NA
1241,TTA,NA
1242,ATT,NA
1243,GGA,NA
1244,AGG,NA
1245,TCG,NA
1246,CTT,NA
1247,GCT,NA
1248,GAG,NA
1249,AAA,NA
1250,CTC,NA
1251,AAC,NA
1252,AGC,NA
1253,TCA,NA
1254,GTG,NA
1255,TAC,NA
1256,TCA,NA
1257,CTA,NA
1258,CCG,NA
1259,CCA,NA
1260,GAC,NA
1261,CCA,NA
1262,GAT,NA
1263,CAC,NA
1264,TTC,NA
1265,GAC,NA
1266,GGA,NA
1267,TAC,NA
1268,AAA,NA
1269,CAG,NA
1270,CAG,NA
1271,GCC,NA
1272,GTG,NA
1273,GTG,NA
1274,ATT,NA
1275,ATG,NA
1276,GAC,NA
1277,GAT,NA
1278,CTA,NA
1279,TGC,NA
1280,CAG,NA
1281,AAT,NA
1282,CCT,NA
1283,GAT,NA
1284,GGG,NA
1285,AAA,NA
1286,GAC,NA
1287,GTC,NA
1288,TCC,NA
1289,TTG,NA
1290,TTC,NA
1291,TGC,NA
1292,CAA,NA
1293,ATG,NA
1294,GTT,NA
1295,TCC,NA
1296,AGT,NA
1297,GTA,NA
1298,GAT,NA
1299,TTT,NA
1300,GTA,NA
1301,CCA,NA
1302,CCC,NA
1303,ATG,NA
1304,GCT,NA
1305,GCC,NA
1306,CTA,NA
1307,GAA,NA
1308,GAG,NA
1309,AAA,NA
1310,GGC,NA
1311,ATT,NA
1312,CTG,NA
1313,TTC,NA
1314,ACC,NA
1315,TCA,NA
1316,CCG,NA
1317,TTT,NA
1318,GTC,NA
1319,TTG,NA
1320,GCA,NA
1321,TCG,NA
1322,ACC,NA
1323,AAT,NA
1324,GCA,NA
1325,GGA,NA
1326,TCT,NA
1327,ATT,NA
1328,AAT,NA
1329,GCT,NA
1330,CCA,NA
1331,ACC,NA
1332,GTG,NA
1333,TCA,NA
1334,GAT,NA
1335,AGC,NA
1336,AGA,NA
1337,GCC,NA
1338,TTG,NA
1339,GCA,NA
1340,AGG,NA
1341,AGA,NA
1342,TTT,NA
1343,CAC,NA
1344,TTT,NA
1345,GAC,NA
1346,ATG,NA
1347,AAC,NA
1348,ATC,NA
1349,GAG,NA
1350,GTT,NA
1351,ATT,NA
1352,TCC,NA
1353,ATG,NA
1354,TAC,NA
1355,AGT,NA
1356,CAG,NA
1357,AAT,NA
1358,GGC,NA
1359,AAG,NA
1360,ATA,NA
1361,AAC,NA
1362,ATG,NA
1363,CCC,NA
1364,ATG,NA
1365,TCA,NA
1366,GTC,NA
1367,AAG,NA
1368,ACT,NA
1369,TGT,NA
1370,GAC,NA
1371,GAT,NA
1372,GAG,NA
1373,TGT,NA
1374,TGC,NA
1375,CCG,NA
1376,GTC,NA
1377,AAT,NA
1378,TTT,NA
1379,AAA,NA
1380,AAG,NA
1381,TGC,NA
1382,TGC,NA
1383,CCT,NA
1384,CTT,NA
1385,GTG,NA
1386,TGT,NA
1387,GGG,NA
1388,AAG,NA
1389,GCT,NA
1390,ATA,NA
1391,CAA,NA
1392,TTC,NA
1393,ATT,NA
1394,GAT,NA
1395,AGA,NA
1396,AGA,NA
1397,ACA,NA
1398,CAG,NA
1399,GTC,NA
1400,AGA,NA
1401,TAC,NA
1402,TCT,NA
1403,CTA,NA
1404,GAC,NA
1405,ATG,NA
1406,CTA,NA
1407,GTC,NA
1408,ACC,NA
1409,GAG,NA
1410,ATG,NA
1411,TTT,NA
1412,AGG,NA
1413,GAG,NA
1414,TAC,NA
1415,AAT,NA
1416,CAT,NA
1417,AGA,NA
1418,CAT,NA
1419,AGC,NA
1420,GTG,NA
1421,GGG,NA
1422,ACC,NA
1423,ACG,NA
1424,CTT,NA
1425,GAG,NA
1426,GCA,NA
1427,CTG,NA
1428,TTC,NA
1429,CAG,NA
1430,GGA,NA
1431,CCA,-0.022549977086863664
1432,CCA,NA
1433,GTA,NA
1434,TAC,NA
