site,wildtype,wtAA,mutAA,p1_L2_virus_rep3
1,ATG,M,M,0
2,GGA,G,G,0
3,GCT,A,A,0
4,CAA,Q,Q,0
5,GTA,V,V,0
6,TCA,S,S,-3.3854065970934293e-6
7,ACG,T,T,0
8,CAA,Q,Q,0
9,AAG,K,K,0
10,ACT,T,T,0
11,GGG,G,G,0
12,GCA,A,A,0
13,CAT,H,H,0
14,GAG,E,E,0
15,ACC,T,T,0
16,AGG,R,R,-8.841802753024335e-5
17,CTG,L,L,1.2991003180176188e-5
18,AAT,N,N,0
19,GCT,A,A,0
20,AGC,S,S,-9.13731445923706e-6
21,GGC,G,G,0
22,AAT,N,N,0
23,TCC,S,S,2.517053129444489e-6
24,ATC,I,I,0
25,ATT,I,I,0
26,CAC,H,H,0
27,TAC,Y,Y,0
28,ACA,T,T,0
29,AAT,N,N,0
30,ATT,I,I,0
31,AAT,N,N,0
32,TAT,Y,Y,0
33,TAC,Y,Y,0
34,AAG,K,K,0
35,GAT,D,D,0
36,GCC,A,A,0
37,GCA,A,A,0
38,TCC,S,S,-1.4319722470450938e-5
39,AAC,N,N,0
40,TCA,S,S,-1.6068682326556583e-5
41,GCC,A,A,0
42,AAT,N,N,0
43,CGG,R,R,-1.085906349604177e-5
44,CAG,Q,Q,0
45,GAT,D,D,0
46,TTC,F,F,0
47,ACT,T,T,0
48,CAA,Q,Q,0
49,GAC,D,D,0
50,CCG,P,P,0
51,GGC,G,G,0
52,AAG,K,K,0
53,TTC,F,F,0
54,ACA,T,T,0
55,GAA,E,E,0
56,CCA,P,P,0
57,GTG,V,V,0
58,AAA,K,K,0
59,GAT,D,D,0
60,ATC,I,I,0
61,ATG,M,M,0
62,ATT,I,I,0
63,AAA,K,K,0
64,TCA,S,S,-3.4156024484906e-5
65,CTA,L,L,6.220129496223241e-6
66,CCA,P,P,0
67,GCT,A,A,0
68,CTC,L,L,4.1650439101292805e-5
69,AAC,N,N,0
70,TCC,S,S,-2.0412161450550727e-5
71,CCC,P,P,0
72,ACA,T,T,0
73,GTA,V,V,0
74,GAG,E,E,0
75,GAG,E,E,0
76,TGC,C,C,0
77,GGA,G,G,0
78,TAC,Y,Y,0
79,AGT,S,S,1.780297760674956e-5
80,GAC,D,D,0
81,AGG,R,R,-1.6794932462767777e-4
82,GCG,A,A,0
83,AGA,R,R,-9.656727787860505e-5
84,TCA,S,S,-7.761460359701275e-5
85,ATC,I,I,0
86,ACA,T,T,0
87,TTA,L,L,-2.110036563342446e-5
88,GGT,G,G,0
89,AAC,N,N,0
90,TCC,S,S,-6.299984022978666e-5
91,ACC,T,T,0
92,ATA,I,I,0
93,ACG,T,T,0
94,ACT,T,T,0
95,CAG,Q,Q,0
96,GAA,E,E,0
97,TGC,C,C,0
98,GCC,A,A,0
99,AAC,N,N,0
100,GTG,V,V,0
101,GTG,V,V,0
102,GTG,V,V,0
103,GGC,G,G,0
104,TAT,Y,Y,0
105,GGA,G,G,0
106,GTA,V,V,0
107,TGG,W,W,0
108,CCA,P,P,0
109,GAT,D,D,0
110,TAT,Y,Y,0
111,CTA,L,L,2.0807742666482378e-5
112,AAG,K,K,0
113,GAT,D,D,0
114,AGT,S,S,-5.340618961737723e-5
115,GAG,E,E,0
116,GCA,A,A,0
117,ACA,T,T,0
118,GCA,A,A,0
119,GAG,E,E,0
120,GAC,D,D,0
121,CAA,Q,Q,0
122,CCG,P,P,0
123,ACC,T,T,0
124,CAA,Q,Q,0
125,CCA,P,P,0
126,GAC,D,D,0
127,GTT,V,V,0
128,GCC,A,A,0
129,ACA,T,T,0
130,TGT,C,C,0
131,AGG,R,R,-9.138076650616453e-5
132,TTC,F,F,0
133,TAT,Y,Y,0
134,ACC,T,T,0
135,CTT,L,L,-1.84831749282382e-5
136,GAC,D,D,0
137,TCT,S,S,-6.672299977300537e-6
138,GTG,V,V,0
139,CAA,Q,Q,0
140,TGG,W,W,0
141,CAG,Q,Q,0
142,AAA,K,K,0
143,ACC,T,T,0
144,TCA,S,S,-3.953929375823354e-6
145,CCA,P,P,0
146,GGA,G,G,0
147,TGG,W,W,0
148,TGG,W,W,0
149,TGG,W,W,0
150,AAG,K,K,0
151,CTG,L,L,-5.565520727202443e-6
152,CCC,P,P,0
153,GAT,D,D,0
154,GCT,A,A,0
155,TTG,L,L,1.0863648135602029e-4
156,TCG,S,S,2.9999385708063198e-5
157,AAC,N,N,0
158,TTA,L,L,-8.5895742694753e-5
159,GGA,G,G,0
160,CTG,L,L,-7.139649700878549e-6
161,TTT,F,F,0
162,GGG,G,G,0
163,CAG,Q,Q,0
164,AAC,N,N,0
165,ATG,M,M,0
166,CAG,Q,Q,0
167,TAC,Y,Y,0
168,CAC,H,H,0
169,TAC,Y,Y,0
170,TTA,L,L,-1.7540277776661064e-6
171,GGC,G,G,0
172,CGA,R,R,-3.446051833286045e-5
173,ACT,T,T,0
174,GGG,G,G,0
175,TAT,Y,Y,0
176,ACC,T,T,0
177,GTA,V,V,0
178,CAT,H,H,0
179,GTG,V,V,0
180,CAG,Q,Q,0
181,TGC,C,C,0
182,AAT,N,N,0
183,GCA,A,A,0
184,TCT,S,S,-1.7167066113992207e-5
185,AAG,K,K,0
186,TTC,F,F,0
187,CAC,H,H,0
188,CAA,Q,Q,0
189,GGA,G,G,0
190,TGC,C,C,0
191,TTG,L,L,-5.8268482005876976e-5
192,CTA,L,L,-1.2120162673022248e-5
193,GTA,V,V,0
194,GTG,V,V,0
195,TGT,C,C,0
196,GTA,V,V,0
197,CCG,P,P,0
198,GAA,E,E,0
199,GCT,A,A,0
200,GAG,E,E,0
201,ATG,M,M,0
202,GGT,G,G,0
203,TGC,C,C,0
204,GCA,A,A,0
205,ACG,T,T,0
206,CTA,L,L,-5.3727864715545484e-6
207,GAC,D,D,0
208,AAC,N,N,0
209,ACC,T,T,0
210,CCA,P,P,0
211,TCC,S,S,4.152971273188243e-5
212,AGT,S,S,-1.1593948999150774e-4
213,GCA,A,A,0
214,GAA,E,E,0
215,TTG,L,L,-1.424023371174178e-5
216,CTG,L,L,0
217,GGG,G,G,0
218,GGC,G,G,0
219,GAT,D,D,0
220,AGC,S,S,-6.509875585793922e-5
221,GCA,A,A,0
222,AAG,K,K,0
223,GAG,E,E,0
224,TTT,F,F,0
225,GCG,A,A,0
226,GAC,D,D,0
227,AAA,K,K,0
228,CCG,P,P,0
229,GTC,V,V,0
230,GCA,A,A,0
231,TCC,S,S,-4.297358737092242e-5
232,GGG,G,G,0
233,TCC,S,S,-1.4996056288167095e-5
234,AAC,N,N,0
235,AAG,K,K,0
236,TTG,L,L,-6.300265853593012e-5
237,GTA,V,V,0
238,CAG,Q,Q,0
239,AGG,R,R,-6.493037960748385e-5
240,GTG,V,V,0
241,GTG,V,V,0
242,TAT,Y,Y,0
243,AAT,N,N,0
244,GCA,A,A,0
245,GGC,G,G,0
246,ATG,M,M,0
247,GGG,G,G,0
248,GTG,V,V,0
249,GGT,G,G,0
250,GTT,V,V,0
251,GGA,G,G,0
252,AAC,N,N,0
253,CTC,L,L,-5.347943513479468e-5
254,ACC,T,T,0
255,ATT,I,I,0
256,TTC,F,F,0
257,CCC,P,P,0
258,CAC,H,H,0
259,CAA,Q,Q,0
260,TGG,W,W,0
261,ATC,I,I,0
262,AAC,N,N,0
263,CTA,L,L,-4.713598898314866e-5
264,CGC,R,R,-1.4020383050251323e-5
265,ACC,T,T,0
266,AAT,N,N,0
267,AAT,N,N,0
268,AGT,S,S,-1.9495324291043074e-4
269,GCT,A,A,0
270,ACA,T,T,0
271,ATT,I,I,0
272,GTG,V,V,0
273,ATG,M,M,0
274,CCA,P,P,0
275,TAC,Y,Y,0
276,ACC,T,T,0
277,AAC,N,N,0
278,AGT,S,S,-3.033384016818754e-6
279,GTA,V,V,0
280,CCT,P,P,0
281,ATG,M,M,0
282,GAT,D,D,0
283,AAC,N,N,0
284,ATG,M,M,0
285,TTT,F,F,0
286,AGG,R,R,1.9750351710932794e-5
287,CAT,H,H,0
288,AAC,N,N,0
289,AAC,N,N,0
290,GTC,V,V,0
291,ACC,T,T,0
292,CTA,L,L,-1.3134436986270482e-5
293,ATG,M,M,0
294,GTT,V,V,0
295,ATC,I,I,0
296,CCA,P,P,0
297,TTT,F,F,0
298,GTA,V,V,0
299,CCG,P,P,0
300,CTA,L,L,-1.4181927367070799e-5
301,GAT,D,D,0
302,TAC,Y,Y,0
303,TGC,C,C,0
304,CCT,P,P,0
305,GGG,G,G,0
306,TCC,S,S,2.2205335559139376e-5
307,ACC,T,T,0
308,ACG,T,T,0
309,TAC,Y,Y,0
310,GTC,V,V,0
311,CCA,P,P,0
312,ATT,I,I,0
313,ACG,T,T,0
314,GTC,V,V,0
315,ACG,T,T,0
316,ATA,I,I,0
317,GCC,A,A,0
318,CCA,P,P,0
319,ATG,M,M,0
320,TGT,C,C,0
321,GCC,A,A,0
322,GAG,E,E,0
323,TAC,Y,Y,0
324,AAT,N,N,0
325,GGG,G,G,0
326,TTA,L,L,-7.787161645495148e-6
327,CGT,R,R,2.2836247809845214e-6
328,TTA,L,L,-1.0501774956045254e-4
329,GCA,A,A,0
330,GGG,G,G,0
331,CAC,H,H,0
332,CAG,Q,Q,0
333,GGC,G,G,0
334,TTA,L,L,-5.486257706906516e-5
335,CCA,P,P,0
336,ACC,T,T,0
337,ATG,M,M,0
338,AAT,N,N,0
339,ACT,T,T,0
340,CCG,P,P,0
341,GGG,G,G,0
342,AGC,S,S,-3.2241596470346996e-5
343,TGT,C,C,0
344,CAA,Q,Q,0
345,TTT,F,F,0
346,CTG,L,L,-2.0356018599436586e-5
347,ACA,T,T,0
348,TCA,S,S,-6.760654395196993e-6
349,GAC,D,D,0
350,GAC,D,D,0
351,TTC,F,F,0
352,CAA,Q,Q,0
353,TCA,S,S,2.9268420083845007e-5
354,CCA,P,P,0
355,TCC,S,S,-4.534455659815138e-5
356,GCC,A,A,0
357,ATG,M,M,0
358,CCG,P,P,0
359,CAA,Q,Q,0
360,TAT,Y,Y,0
361,GAC,D,D,0
362,GTC,V,V,0
363,ACA,T,T,0
364,CCA,P,P,0
365,GAG,E,E,0
366,ATG,M,M,0
367,AGG,R,R,-3.1250725182074807e-6
368,ATA,I,I,0
369,CCT,P,P,0
370,GGT,G,G,0
371,GAG,E,E,0
372,GTG,V,V,0
373,AAA,K,K,0
374,AAC,N,N,0
375,TTG,L,L,9.743713795062778e-6
376,ATG,M,M,0
377,GAA,E,E,0
378,ATA,I,I,0
379,GCT,A,A,0
380,GAG,E,E,0
381,GTT,V,V,0
382,GAC,D,D,0
383,TCA,S,S,-2.5746285988924227e-5
384,GTT,V,V,0
385,GTC,V,V,0
386,CCA,P,P,0
387,GTC,V,V,0
388,CAA,Q,Q,0
389,AAT,N,N,0
390,GTT,V,V,0
391,GGA,G,G,0
392,GAG,E,E,0
393,AAG,K,K,0
394,GTC,V,V,0
395,AAC,N,N,0
396,TCT,S,S,5.495332724505381e-5
397,ATG,M,M,0
398,GAA,E,E,0
399,GCA,A,A,0
400,TAC,Y,Y,0
401,CAG,Q,Q,0
402,ATA,I,I,0
403,CCT,P,P,0
404,GTG,V,V,0
405,AGA,R,R,6.4000088955031845e-6
406,TCC,S,S,1.4222819754937514e-5
407,AAC,N,N,0
408,GAA,E,E,0
409,GGA,G,G,0
410,TCT,S,S,-4.947776470507466e-5
411,GGA,G,G,0
412,ACG,T,T,0
413,CAA,Q,Q,0
414,GTA,V,V,0
415,TTC,F,F,0
416,GGC,G,G,0
417,TTT,F,F,0
418,CCA,P,P,0
419,CTG,L,L,-2.086506245302481e-5
420,CAA,Q,Q,0
421,CCA,P,P,0
422,GGG,G,G,0
423,TAC,Y,Y,0
424,TCA,S,S,-3.473746336418419e-5
425,AGT,S,S,-7.983554496069159e-5
426,GTT,V,V,0
427,TTT,F,F,0
428,AGT,S,S,1.349440004798914e-5
429,CGG,R,R,-2.157583277935634e-5
430,ACG,T,T,0
431,CTC,L,L,-3.603194527193554e-6
432,CTA,L,L,-9.192689665696374e-6
433,GGA,G,G,0
434,GAG,E,E,0
435,ATC,I,I,0
436,TTG,L,L,-8.522242472135307e-6
437,AAC,N,N,0
438,TAT,Y,Y,0
439,TAT,Y,Y,0
440,ACA,T,T,0
441,CAT,H,H,0
442,TGG,W,W,0
443,TCA,S,S,2.0510035967200398e-5
444,GGC,G,G,0
445,AGC,S,S,-9.76661488872612e-5
446,ATA,I,I,0
447,AAG,K,K,0
448,CTT,L,L,-5.4291517829386385e-5
449,ACG,T,T,0
450,TTT,F,F,0
451,ATG,M,M,0
452,TTC,F,F,0
453,TGT,C,C,0
454,GGT,G,G,0
455,TCG,S,S,4.993796888300902e-5
456,GCC,A,A,0
457,ATG,M,M,0
458,GCT,A,A,0
459,ACT,T,T,0
460,GGA,G,G,0
461,AAA,K,K,0
462,TTC,F,F,0
463,CTT,L,L,-9.519486034823194e-6
464,TTG,L,L,-4.294219429957807e-5
465,GCA,A,A,0
466,TAC,Y,Y,0
467,TCA,S,S,-4.260166832525629e-5
468,CCA,P,P,0
469,CCA,P,P,0
470,GGT,G,G,0
471,GCT,A,A,0
472,GGA,G,G,0
473,GCT,A,A,0
474,CCT,P,P,0
475,ACA,T,T,0
476,AAA,K,K,0
477,AGG,R,R,-5.9183183778405125e-5
478,GTT,V,V,0
479,GAT,D,D,0
480,GCT,A,A,0
481,ATG,M,M,0
482,CTT,L,L,2.7825923423307152e-5
483,GGT,G,G,0
484,ACT,T,T,0
485,CAT,H,H,0
486,GTA,V,V,0
487,ATT,I,I,0
488,TGG,W,W,0
489,GAC,D,D,0
490,GTG,V,V,0
491,GGG,G,G,0
492,CTA,L,L,-2.109603714816235e-6
493,CAA,Q,Q,0
494,TCA,S,S,-5.04565539827966e-5
495,AGT,S,S,-8.046033617455003e-5
496,TGC,C,C,0
497,GTG,V,V,0
498,CTG,L,L,-1.8649791870797386e-5
499,TGT,C,C,0
500,ATA,I,I,0
501,CCC,P,P,0
502,TGG,W,W,0
503,ATA,I,I,0
504,AGC,S,S,-3.583794707398241e-5
505,CAA,Q,Q,0
506,ACA,T,T,0
507,CAC,H,H,0
508,TAC,Y,Y,0
509,CGG,R,R,-7.817183612771282e-6
510,TTT,F,F,0
511,GTT,V,V,0
512,GCT,A,A,0
513,TCA,S,S,1.0310261545982718e-5
514,GAT,D,D,0
515,GAG,E,E,0
516,TAT,Y,Y,0
517,ACC,T,T,0
518,GCA,A,A,0
519,GGG,G,G,0
520,GGT,G,G,0
521,TTT,F,F,0
522,ATT,I,I,0
523,ACG,T,T,0
524,TGC,C,C,0
525,TGG,W,W,0
526,TAT,Y,Y,0
527,CAA,Q,Q,0
528,ACA,T,T,0
529,AAC,N,N,0
530,ATA,I,I,0
531,GTG,V,V,0
532,GTC,V,V,0
533,CCA,P,P,0
534,GCG,A,A,0
535,GAT,D,D,0
536,GCC,A,A,0
537,CAA,Q,Q,0
538,AGC,S,S,1.621107639388585e-5
539,TCC,S,S,-2.6776219597444198e-5
540,TGT,C,C,0
541,TAC,Y,Y,0
542,ATC,I,I,0
543,ATG,M,M,0
544,TGT,C,C,0
545,TTC,F,F,0
546,GTG,V,V,0
547,TCA,S,S,-1.7746204196971028e-5
548,GCA,A,A,0
549,TGC,C,C,0
550,AAT,N,N,0
551,GAC,D,D,0
552,TTC,F,F,0
553,TCT,S,S,-3.667754638136219e-5
554,GTC,V,V,0
555,AGG,R,R,2.7357221655819322e-5
556,CTA,L,L,-1.2899614231638853e-5
557,TTG,L,L,-3.213214029020253e-5
558,AAG,K,K,0
559,GAC,D,D,0
560,ACT,T,T,0
561,CCT,P,P,0
562,TTC,F,F,0
563,ATT,I,I,0
564,TCG,S,S,-3.6357613176815974e-5
565,CAG,Q,Q,0
566,CAA,Q,Q,0
567,AAC,N,N,0
568,TTT,F,F,0
569,TTC,F,F,0
570,CAG,Q,Q,0
571,GGC,G,G,0
572,CCA,P,P,0
573,GTG,V,V,0
574,GAA,E,E,0
575,GAC,D,D,0
576,GCG,A,A,0
577,ATA,I,I,0
578,ACA,T,T,0
579,GCC,A,A,0
580,GCT,A,A,0
581,ATA,I,I,0
582,GGG,G,G,0
583,AGA,R,R,-1.546942897419065e-6
584,GTT,V,V,0
585,GCG,A,A,0
586,GAT,D,D,0
587,ACC,T,T,0
588,GTG,V,V,0
589,GGT,G,G,0
590,ACA,T,T,0
591,GGG,G,G,0
592,CCA,P,P,0
593,ACC,T,T,0
594,AAC,N,N,0
595,TCA,S,S,9.666562970259313e-5
596,GAA,E,E,0
597,GCT,A,A,0
598,ATA,I,I,0
599,CCA,P,P,0
600,GCA,A,A,0
601,CTC,L,L,-6.136223964249753e-6
602,ACT,T,T,0
603,GCT,A,A,0
604,GCT,A,A,0
605,GAG,E,E,0
606,ACG,T,T,0
607,GGT,G,G,0
608,CAC,H,H,0
609,ACG,T,T,0
610,TCA,S,S,-1.3411299915306134e-5
611,CAA,Q,Q,0
612,GTA,V,V,0
613,GTG,V,V,0
614,CCG,P,P,0
615,GGT,G,G,0
616,GAC,D,D,0
617,ACT,T,T,0
618,ATG,M,M,0
619,CAG,Q,Q,0
620,ACA,T,T,0
621,CGC,R,R,1.0596662593217469e-5
622,CAC,H,H,0
623,GTT,V,V,0
624,AAG,K,K,0
625,AAC,N,N,0
626,TAC,Y,Y,0
627,CAT,H,H,0
628,TCA,S,S,4.4966253485264445e-5
629,AGG,R,R,-6.341193327620972e-5
630,TCC,S,S,-1.4396407559618657e-6
631,GAG,E,E,0
632,TCA,S,S,-5.577142919404272e-6
633,ACC,T,T,0
634,ATA,I,I,0
635,GAG,E,E,0
636,AAC,N,N,0
637,TTC,F,F,0
638,CTA,L,L,2.0482972785257764e-5
639,TGT,C,C,0
640,AGG,R,R,-8.567941089526945e-5
641,TCA,S,S,-2.8150043418400633e-5
642,GCA,A,A,0
643,TGC,C,C,0
644,GTG,V,V,0
645,TAC,Y,Y,0
646,TTT,F,F,0
647,ACG,T,T,0
648,GAG,E,E,0
649,TAT,Y,Y,0
650,AAA,K,K,0
651,AAC,N,N,0
652,TCA,S,S,5.4809802769789814e-5
653,GGT,G,G,0
654,GCC,A,A,0
655,AAG,K,K,0
656,CGG,R,R,-9.761470276773534e-6
657,TAT,Y,Y,0
658,GCT,A,A,0
659,GAA,E,E,0
660,TGG,W,W,0
661,GTA,V,V,0
662,TTA,L,L,-5.017365821646766e-5
663,ACA,T,T,0
664,CCA,P,P,0
665,CGA,R,R,-5.7226152009801486e-5
666,CAA,Q,Q,0
667,GCA,A,A,0
668,GCA,A,A,0
669,CAA,Q,Q,0
670,CTT,L,L,2.9991753305562187e-5
671,AGG,R,R,4.190576477993298e-6
672,AGA,R,R,-5.2531044459856155e-5
673,AAG,K,K,0
674,CTA,L,L,-2.4363632865523652e-5
675,GAA,E,E,0
676,TTC,F,F,0
677,TTT,F,F,0
678,ACC,T,T,0
679,TAC,Y,Y,0
680,GTC,V,V,0
681,CGG,R,R,0
682,TTC,F,F,0
683,GAC,D,D,0
684,CTG,L,L,-3.0327383992494397e-5
685,GAG,E,E,0
686,CTG,L,L,-1.1300617217595828e-5
687,ACG,T,T,0
688,TTT,F,F,0
689,GTC,V,V,0
690,ATA,I,I,0
691,ACA,T,T,0
692,AGT,S,S,-1.1554178735448873e-4
693,ACT,T,T,0
694,CAA,Q,Q,0
695,CAG,Q,Q,0
696,CCC,P,P,0
697,TCA,S,S,-5.8003748156087565e-5
698,ACC,T,T,0
699,ACA,T,T,0
700,CAG,Q,Q,0
701,AAC,N,N,0
702,CAA,Q,Q,0
703,GAT,D,D,0
704,GCA,A,A,0
705,CAG,Q,Q,0
706,ATC,I,I,0
707,CTA,L,L,-1.6617644615140702e-5
708,ACA,T,T,0
709,CAC,H,H,0
710,CAA,Q,Q,0
711,ATT,I,I,0
712,ATG,M,M,0
713,TAT,Y,Y,0
714,GTA,V,V,0
715,CCA,P,P,0
716,CCA,P,P,0
717,GGT,G,G,0
718,GGA,G,G,0
719,CCT,P,P,0
720,GTA,V,V,0
721,CCA,P,P,0
722,GAT,D,D,0
723,AAA,K,K,0
724,GTT,V,V,0
725,GAT,D,D,0
726,TCA,S,S,-1.3099603791188828e-5
727,TAC,Y,Y,0
728,GTG,V,V,0
729,TGG,W,W,0
730,CAA,Q,Q,0
731,ACA,T,T,0
732,TCT,S,S,-2.372128343107186e-5
733,ACG,T,T,0
734,AAT,N,N,0
735,CCC,P,P,0
736,AGT,S,S,7.797192757135786e-6
737,GTG,V,V,0
738,TTT,F,F,0
739,TGG,W,W,0
740,ACC,T,T,0
741,GAG,E,E,0
742,GGA,G,G,0
743,AAC,N,N,0
744,GCC,A,A,0
745,CCG,P,P,0
746,CCG,P,P,0
747,CGC,R,R,-5.331368900816265e-5
748,ATG,M,M,0
749,TCC,S,S,-4.2525166744491055e-5
750,ATA,I,I,0
751,CCG,P,P,0
752,TTT,F,F,0
753,TTG,L,L,4.36739312915996e-5
754,AGC,S,S,-4.585460140411518e-5
755,ATT,I,I,0
756,GGC,G,G,0
757,AAC,N,N,0
758,GCC,A,A,0
759,TAT,Y,Y,0
760,TCA,S,S,-3.898578410987562e-5
761,AAT,N,N,0
762,TTC,F,F,0
763,TAT,Y,Y,0
764,GAC,D,D,0
765,GGA,G,G,0
766,TGG,W,W,0
767,TCT,S,S,6.941924167227097e-7
768,GAA,E,E,0
769,TTT,F,F,0
770,TCC,S,S,-4.662320623727722e-5
771,AGG,R,R,-7.195366589884493e-5
772,AAC,N,N,0
773,GGA,G,G,0
774,GTT,V,V,0
775,TAC,Y,Y,0
776,GGC,G,G,0
777,ATC,I,I,0
778,AAC,N,N,0
779,ACG,T,T,0
780,CTA,L,L,6.9627353979807894e-6
781,AAC,N,N,0
782,AAC,N,N,0
783,ATG,M,M,0
784,GGC,G,G,0
785,ACG,T,T,0
786,CTA,L,L,-3.3453178661893954e-5
787,TAT,Y,Y,0
788,GCA,A,A,0
789,AGA,R,R,-3.1075723137536366e-5
790,CAT,H,H,0
791,GTC,V,V,0
792,AAC,N,N,0
793,GCT,A,A,0
794,GGA,G,G,0
795,AGC,S,S,-1.0877091805374839e-5
796,ACG,T,T,0
797,GGT,G,G,0
798,CCA,P,P,0
799,ATA,I,I,0
800,AAA,K,K,0
801,AGC,S,S,-4.247682627839626e-5
802,ACC,T,T,0
803,ATT,I,I,0
804,AGA,R,R,-4.9316733264217886e-5
805,ATC,I,I,0
806,TAC,Y,Y,0
807,TTC,F,F,0
808,AAA,K,K,0
809,CCG,P,P,0
810,AAG,K,K,0
811,CAT,H,H,0
812,GTC,V,V,0
813,AAA,K,K,0
814,GCG,A,A,0
815,TGG,W,W,0
816,ATA,I,I,0
817,CCT,P,P,0
818,AGA,R,R,-1.1120044124052364e-4
819,CCA,P,P,0
820,CCT,P,P,0
821,AGA,R,R,-5.701855775401622e-6
822,CTC,L,L,5.148674793209474e-6
823,TGC,C,C,0
824,CAA,Q,Q,0
825,TAC,Y,Y,0
826,GAG,E,E,0
827,AAG,K,K,0
828,GCA,A,A,0
829,AAG,K,K,0
830,AAC,N,N,0
831,GTG,V,V,0
832,AAC,N,N,0
833,TTC,F,F,0
834,CAA,Q,Q,0
835,CCC,P,P,0
836,AGC,S,S,-1.0833742575012591e-4
837,GGA,G,G,0
838,GTT,V,V,0
839,ACC,T,T,0
840,ACT,T,T,0
841,ACT,T,T,0
842,AGG,R,R,-4.2550171296663964e-5
843,CAA,Q,Q,0
844,AGC,S,S,-7.801856408552278e-5
845,ATC,I,I,0
846,ACT,T,T,0
847,ACA,T,T,0
848,ATG,M,M,0
849,ACA,T,T,0
850,AAT,N,N,0
851,ACG,T,T,0
