site,wildtype,wtAA,mutAA,p3_L3_virus
1416,CAT,H,*,NA
1417,AGA,R,*,NA
1418,CAT,H,*,NA
1419,AGC,S,*,NA
1420,GTG,V,*,-4.248508365240119
1421,GGG,G,*,NA
1422,ACC,T,*,NA
1423,ACG,T,*,NA
1424,CTT,L,*,NA
1425,GAG,E,*,-2.7781503158546945
1426,GCA,A,*,NA
1427,CTG,L,*,NA
1428,TTC,F,*,NA
1429,CAG,Q,*,NA
1430,GGA,G,*,NA
1431,CCA,P,*,NA
1432,CCA,P,*,NA
1433,GTA,V,*,NA
1434,TAC,Y,*,-3.1541658296169937
1435,AGA,R,*,NA
1436,GAG,E,*,-2.9578637918681405
1437,ATC,I,*,NA
1438,AAA,K,*,-3.8199686446289665
1439,ATT,I,*,NA
1440,AGC,S,*,NA
1441,GTT,V,*,NA
1442,GCA,A,*,NA
1443,CCA,P,*,NA
1444,GAG,E,*,-3.4294485737407623
1445,ACA,T,*,NA
1446,CCA,P,*,NA
1447,CCA,P,*,NA
1448,CCG,P,*,NA
1449,CCC,P,*,NA
1450,GCC,A,*,NA
1451,ATT,I,*,NA
1452,GCG,A,*,NA
1453,GAC,D,*,NA
1454,CTG,L,*,NA
1455,CTC,L,*,NA
1456,AAA,K,*,-3.5196023486669326
1457,TCG,S,*,NA
1458,GTA,V,*,NA
1459,GAC,D,*,NA
1460,AGT,S,*,NA
1461,GAG,E,*,-3.0503735836950385
1462,GCT,A,*,NA
1463,GTG,V,*,-3.3125369399068982
1464,AGG,R,*,NA
1465,GAG,E,*,-3.9886976354561803
1466,TAC,Y,*,-3.3675389449783917
1467,TGC,C,*,NA
1468,AAA,K,*,-3.706968337366957
1469,GAA,E,*,-3.791210180138956
1470,AAA,K,*,-4.418809577466218
1471,GGA,G,*,NA
1472,TGG,W,*,NA
1473,TTG,L,*,NA
1474,GTT,V,*,NA
1475,CCT,P,*,NA
1476,GAG,E,*,-3.211935057519052
1477,ATC,I,*,NA
1478,AAC,N,*,NA
1479,TCC,S,*,NA
1480,ACC,T,*,NA
1481,CTC,L,*,NA
1482,CAA,Q,*,-3.234910540944865
1483,ATT,I,*,NA
1484,GAG,E,*,-3.182674908136551
1485,AAA,K,*,-3.582269907095142
1486,CAT,H,*,NA
1487,GTC,V,*,NA
1488,AGT,S,*,NA
1489,CGG,R,*,NA
1490,GCT,A,*,NA
1491,TTC,F,*,NA
1492,ATT,I,*,NA
1493,TGC,C,*,NA
1494,TTA,L,*,NA
1495,CAG,Q,*,NA
1496,GCA,A,*,NA
1497,TTG,L,*,NA
1498,ACC,T,*,NA
1499,ACA,T,*,NA
1500,TTT,F,*,NA
1501,GTG,V,*,-4.0332053344584855
1502,TCA,S,*,NA
1503,GTG,V,*,-3.3940395990203527
1504,GCT,A,*,NA
1505,GGA,G,*,NA
1506,ATC,I,*,NA
1507,ATA,I,*,NA
1508,TAT,Y,*,NA
1509,ATA,I,*,NA
1510,ATA,I,*,NA
1511,TAT,Y,*,NA
1512,AAG,K,*,NA
1513,CTC,L,*,NA
1514,TTT,F,*,NA
1515,GCG,A,*,NA
1516,GGT,G,*,NA
1517,TTT,F,*,NA
1518,CAA,Q,*,-3.756827471103076
1519,GGT,G,*,NA
1520,GCT,A,*,NA
1521,TAT,Y,*,NA
1522,ACA,T,*,NA
1523,GGA,G,*,NA
1524,GTG,V,*,-3.872347505870342
1525,CCC,P,*,NA
1526,AAC,N,*,NA
1527,CAG,Q,*,NA
1528,AAG,K,*,NA
1529,CCC,P,*,NA
1530,AGA,R,*,NA
1531,GTG,V,*,-3.6797876879918685
1532,CCT,P,*,NA
1533,ACC,T,*,NA
1534,CTG,L,*,NA
1535,AGG,R,*,NA
1536,CAA,Q,*,-4.342348728791953
1537,GCA,A,*,NA
1538,AAA,K,*,-4.928131460918364
1539,GTG,V,*,-2.628835996273861
1540,CAA,Q,*,-4.625155281335498
1541,GGC,G,*,NA
1542,CCT,P,*,NA
1543,GCC,A,*,NA
1544,TTT,F,*,NA
1545,GAG,E,*,-4.49028086894766
1546,TTC,F,*,NA
1547,GCC,A,*,NA
1548,GTC,V,*,NA
1549,GCA,A,*,NA
1550,ATG,M,*,NA
1551,ATG,M,*,NA
1552,AAA,K,*,-4.42213832345989
1553,AGG,R,*,NA
1554,AAC,N,*,NA
1555,TCA,S,*,NA
1556,AGC,S,*,NA
1557,ACG,T,*,NA
1558,GTG,V,*,-4.321481150595124
1559,AAA,K,*,-4.462871222975834
1560,ACT,T,*,NA
1561,GAA,E,*,-4.492792554714475
1562,TAT,Y,*,NA
1563,GGC,G,*,NA
1564,GAG,E,*,-3.8728143483757362
1565,TTT,F,*,NA
1566,ACC,T,*,NA
1567,ATG,M,*,NA
1568,CTG,L,*,NA
1569,GGC,G,*,NA
1570,ATC,I,*,NA
1571,TAT,Y,*,NA
1572,GAC,D,*,NA
1573,AGG,R,*,NA
1574,TGG,W,*,NA
1575,GCC,A,*,NA
1576,GTT,V,*,NA
1577,TTG,L,*,NA
1578,CCA,P,*,NA
1579,CGC,R,*,NA
1580,CAC,H,*,NA
1581,GCC,A,*,NA
1582,AAA,K,*,-4.095467858246264
1583,CCT,P,*,NA
1584,GGG,G,*,NA
1585,CCA,P,*,NA
1586,ACC,T,*,NA
1587,ATC,I,*,NA
1588,TTG,L,*,NA
1589,ATG,M,*,NA
1590,AAT,N,*,NA
1591,GAT,D,*,NA
1592,CAA,Q,*,-4.3955036858219065
1593,GAG,E,*,-4.216568323778305
1594,GTT,V,*,NA
1595,GGT,G,*,NA
1596,GTG,V,*,-3.1801583628481604
1597,CTA,L,*,NA
1598,GAT,D,*,NA
1599,GCC,A,*,NA
1600,AAG,K,*,NA
1601,GAG,E,*,-3.834528473801986
1602,CTA,L,*,NA
1603,GTA,V,*,NA
1604,GAC,D,*,NA
1605,AAG,K,*,NA
1606,GAC,D,*,NA
1607,GGC,G,*,NA
1608,ACC,T,*,NA
1609,AAC,N,*,NA
1610,TTA,L,*,NA
1611,GAA,E,*,-3.6815186018709563
1612,CTG,L,*,NA
1613,ACA,T,*,NA
1614,CTA,L,*,NA
1615,CTC,L,*,NA
1616,AAA,K,*,-3.5565379175639826
1617,TTG,L,*,NA
1618,AAC,N,*,NA
1619,CGG,R,*,NA
1620,AAT,N,*,NA
1621,GAG,E,*,-3.8713634495076206
1622,AAG,K,*,NA
1623,TTC,F,*,NA
1624,AGA,R,*,NA
1625,GAC,D,*,NA
1626,ATC,I,*,NA
1627,AGA,R,*,NA
1628,GGC,G,*,NA
1629,TTC,F,*,NA
1630,TTA,L,*,NA
1631,GCC,A,*,NA
1632,AAG,K,*,NA
1633,GAG,E,*,-4.880548000308519
1634,GAA,E,*,-3.9200739947307115
1635,GTG,V,*,-3.9114569422776344
1636,GAG,E,*,-3.7557251453707066
1637,GTT,V,*,NA
1638,AAT,N,*,NA
1639,GAG,E,*,-4.2239051438053385
1640,GCA,A,*,NA
1641,GTG,V,*,-4.053274099883245
1642,CTA,L,*,NA
1643,GCA,A,*,NA
1644,ATT,I,*,NA
1645,AAC,N,*,NA
1646,ACC,T,*,NA
1647,AGC,S,*,NA
1648,AAG,K,*,NA
1649,TTT,F,*,NA
1650,CCC,P,*,NA
1651,AAC,N,*,NA
1652,ATG,M,*,NA
1653,TAC,Y,*,-2.9667825055754244
1654,ATT,I,*,NA
1655,CCA,P,*,NA
1656,GTA,V,*,NA
1657,GGA,G,*,NA
1658,CAG,Q,*,NA
1659,GTC,V,*,NA
1660,ACA,T,*,NA
1661,GAA,E,*,-3.1049366992176437
1662,TAC,Y,*,-2.7207723468896003
1663,GGC,G,*,NA
1664,TTC,F,*,NA
1665,CTA,L,*,NA
1666,AAC,N,*,NA
1667,CTA,L,*,NA
1668,GGT,G,*,NA
1669,GGC,G,*,NA
1670,ACA,T,*,NA
1671,CCC,P,*,NA
1672,ACC,T,*,NA
1673,AAG,K,*,NA
1674,AGA,R,*,NA
1675,ATG,M,*,NA
1676,CTT,L,*,NA
1677,ATG,M,*,NA
1678,TAC,Y,*,-3.9872326564669818
1679,AAC,N,*,NA
1680,TTC,F,*,NA
1681,CCC,P,*,NA
1682,ACA,T,*,NA
1683,AGA,R,*,NA
1684,GCA,A,*,NA
1685,GGC,G,*,NA
1686,CAG,Q,*,NA
1687,TGT,C,*,NA
1688,GGT,G,*,NA
1689,GGA,G,*,NA
1690,GTG,V,*,-3.262383391894029
1691,CTC,L,*,NA
1692,ATG,M,*,NA
1693,TCC,S,*,NA
1694,ACC,T,*,NA
1695,GGC,G,*,NA
1696,AAG,K,*,NA
1697,GTA,V,*,NA
1698,CTG,L,*,NA
1699,GGT,G,*,NA
1700,ATC,I,*,NA
1701,CAT,H,*,NA
1702,GTT,V,*,NA
1703,GGT,G,*,NA
1704,GGA,G,*,NA
1705,AAT,N,*,NA
1706,GGC,G,*,NA
1707,CAT,H,*,NA
1708,CAG,Q,*,NA
1709,GGC,G,*,NA
1710,TTC,F,*,NA
1711,TCA,S,*,NA
1712,GCA,A,*,NA
1713,GCA,A,*,NA
1714,CTC,L,*,NA
1715,CTC,L,*,NA
1716,AAA,K,*,-3.8861271261173886
1717,CAC,H,*,NA
1718,TAC,Y,*,-4.2749244182398725
1719,TTC,F,*,NA
1720,AAT,N,*,NA
1721,GAT,D,*,NA
1722,GAG,E,*,-4.3596404010152465
1723,CAA,Q,*,-4.147825886242134
1724,GGT,G,*,NA
1725,GAA,E,*,-4.770539563274637
1726,ATA,I,*,NA
1727,GAA,E,*,-4.326471010926168
1728,TTT,F,*,NA
1729,ATT,I,*,NA
1730,GAG,E,*,-4.286218473167254
1731,AGC,S,*,NA
1732,TCA,S,*,NA
1733,AAG,K,*,NA
1734,GAC,D,*,NA
1735,GCC,A,*,NA
1736,GGG,G,*,NA
1737,TTT,F,*,NA
1738,CCA,P,*,NA
1739,GTC,V,*,NA
1740,ATC,I,*,NA
1741,AAC,N,*,NA
1742,ACA,T,*,NA
1743,CCA,P,*,NA
1744,AGT,S,*,NA
1745,AAA,K,*,-3.9375573149678234
1746,ACA,T,*,NA
1747,AAG,K,*,NA
1748,TTG,L,*,NA
1749,GAG,E,*,-4.145474274822563
1750,CCT,P,*,NA
1751,AGT,S,*,NA
1752,GTT,V,*,NA
1753,TTC,F,*,NA
1754,CAC,H,*,NA
1755,CAG,Q,*,NA
1756,GTC,V,*,NA
1757,TTT,F,*,NA
1758,GAG,E,*,-3.8978603646918324
1759,GGG,G,*,NA
1760,AAC,N,*,NA
1761,AAA,K,*,-4.147010335388046
1762,GAA,E,*,-4.246151931840479
1763,CCA,P,*,NA
1764,GCA,A,*,NA
1765,GTA,V,*,NA
1766,CTC,L,*,NA
1767,AGG,R,*,NA
1768,AGT,S,*,NA
1769,GGG,G,*,NA
1770,GAT,D,*,NA
1771,CCA,P,*,NA
1772,CGT,R,*,NA
1773,CTC,L,*,NA
1774,AAG,K,*,NA
1775,GCC,A,*,NA
1776,AAT,N,*,NA
1777,TTT,F,*,NA
1778,GAA,E,*,-4.333272619245628
1779,GAG,E,*,-4.051968570990223
1780,GCT,A,*,NA
1781,ATA,I,*,NA
1782,TTT,F,*,NA
1783,TCC,S,*,NA
1784,AAG,K,*,NA
1785,TAT,Y,*,NA
1786,ATA,I,*,NA
1787,GGA,G,*,NA
1788,AAT,N,*,NA
1789,GTC,V,*,NA
1790,AAC,N,*,NA
1791,ACA,T,*,NA
1792,CAC,H,*,NA
1793,GTG,V,*,-3.991286421221401
1794,GAT,D,*,NA
1795,GAG,E,*,-3.5442707987067323
1796,TAC,Y,*,-2.713700553975672
1797,ATG,M,*,NA
1798,CTG,L,*,NA
1799,GAA,E,*,-3.967865683903615
1800,GCA,A,*,NA
1801,GTG,V,*,-3.686523210690694
1802,GAC,D,*,NA
1803,CAC,H,*,NA
1804,TAC,Y,*,-3.9772514460967403
1805,GCA,A,*,NA
1806,GGC,G,*,NA
1807,CAA,Q,*,-4.053726044885454
1808,CTA,L,*,NA
1809,GCC,A,*,NA
1810,ACC,T,*,NA
1811,CTA,L,*,NA
1812,GAT,D,*,NA
1813,ATC,I,*,NA
1814,AGC,S,*,NA
1815,ACT,T,*,NA
1816,GAA,E,*,-3.384732440315989
1817,CCA,P,*,NA
1818,ATG,M,*,NA
1819,AAA,K,*,-4.017157268606184
1820,CTG,L,*,NA
1821,GAG,E,*,-3.8228169839514665
1822,GAC,D,*,NA
1823,GCA,A,*,NA
1824,GTG,V,*,-3.9537822976083965
1825,TAC,Y,*,-3.856875279052312
1826,GGT,G,*,NA
1827,ACC,T,*,NA
1828,GAG,E,*,-4.502790655523486
1829,GGT,G,*,NA
1830,CTT,L,*,NA
1831,GAG,E,*,-3.9553001457644505
1832,GCG,A,*,NA
1833,CTT,L,*,NA
1834,GAT,D,*,NA
1835,CTA,L,*,NA
1836,ACA,T,*,NA
1837,ACG,T,*,NA
1838,AGT,S,*,NA
1839,GCC,A,*,NA
1840,GGT,G,*,NA
1841,TAC,Y,*,-3.921353882250296
1842,CCA,P,*,NA
1843,TAT,Y,*,NA
1844,GTT,V,*,NA
1845,GCA,A,*,NA
1846,CTG,L,*,NA
1847,GGT,G,*,NA
1848,ATC,I,*,NA
1849,AAG,K,*,NA
1850,AAG,K,*,NA
1851,AGG,R,*,NA
1852,GAC,D,*,NA
1853,ATC,I,*,NA
1854,CTC,L,*,NA
1855,TCT,S,*,NA
1856,AAG,K,*,NA
1857,AAG,K,*,NA
1858,ACT,T,*,NA
1859,AAG,K,*,NA
1860,GAC,D,*,NA
1861,CTA,L,*,NA
1862,ACA,T,*,NA
1863,AAG,K,*,NA
1864,TTA,L,*,NA
1865,AAG,K,*,NA
1866,GAA,E,*,-4.099246824895898
1867,TGT,C,*,NA
1868,ATG,M,*,NA
1869,GAC,D,*,NA
1870,AAG,K,*,NA
1871,TAT,Y,*,NA
1872,GGC,G,*,NA
1873,CTG,L,*,NA
1874,AAC,N,*,NA
1875,CTA,L,*,NA
1876,CCA,P,*,NA
1877,ATG,M,*,NA
1878,GTG,V,*,-3.2199136838708218
1879,ACT,T,*,NA
1880,TAT,Y,*,NA
1881,GTA,V,*,NA
1882,AAA,K,*,-4.502478710582092
1883,GAT,D,*,NA
1884,GAG,E,*,-4.325024567457385
1885,CTC,L,*,NA
1886,AGG,R,*,NA
1887,TCC,S,*,NA
1888,ATA,I,*,NA
1889,GAG,E,*,-4.669323877674614
1890,AAG,K,*,NA
1891,GTA,V,*,NA
1892,GCG,A,*,NA
1893,AAA,K,*,-4.171439475490711
1894,GGA,G,*,NA
1895,AAG,K,*,NA
1896,TCT,S,*,NA
1897,AGG,R,*,NA
1898,CTG,L,*,NA
1899,ATT,I,*,NA
1900,GAG,E,*,-4.444932799951193
1901,GCG,A,*,NA
1902,TCC,S,*,NA
1903,AGT,S,*,NA
1904,TTG,L,*,NA
1905,AAT,N,*,NA
1906,GAT,D,*,NA
1907,TCA,S,*,NA
1908,GTG,V,*,-3.9837960482258112
1909,GCG,A,*,NA
1910,ATG,M,*,NA
1911,AGA,R,*,NA
1912,CAG,Q,*,NA
1913,ACA,T,*,NA
1914,TTT,F,*,NA
1915,GGT,G,*,NA
1916,AAT,N,*,NA
1917,CTG,L,*,NA
1918,TAC,Y,*,-4.4545316915478885
1919,AAA,K,*,-4.555485173508816
1920,ACT,T,*,NA
1921,TTC,F,*,NA
1922,CAC,H,*,NA
1923,CTA,L,*,NA
1924,AAC,N,*,NA
1925,CCA,P,*,NA
1926,GGG,G,*,NA
1927,GTT,V,*,NA
1928,GTG,V,*,-4.671707750649131
1929,ACT,T,*,NA
1930,GGT,G,*,NA
1931,AGT,S,*,NA
1932,GCT,A,*,NA
1933,GTT,V,*,NA
1934,GGG,G,*,NA
1935,TGT,C,*,NA
1936,GAC,D,*,NA
1937,CCA,P,*,NA
1938,GAC,D,*,NA
1939,CTC,L,*,NA
1940,TTT,F,*,NA
1941,TGG,W,*,NA
1942,AGC,S,*,NA
1943,AAG,K,*,NA
1944,ATA,I,*,NA
1945,CCA,P,*,NA
1946,GTG,V,*,-4.560648023929738
1947,ATG,M,*,NA
1948,TTA,L,*,NA
1949,GAT,D,*,NA
1950,GGA,G,*,NA
1951,CAT,H,*,NA
1952,CTC,L,*,NA
1953,ATA,I,*,NA
1954,GCA,A,*,NA
1955,TTT,F,*,NA
1956,GAT,D,*,NA
1957,TAC,Y,*,-4.025524829460663
1958,TCT,S,*,NA
1959,GGG,G,*,NA
1960,TAC,Y,*,-4.264853449511373
1961,GAT,D,*,NA
1962,GCT,A,*,NA
1963,AGC,S,*,NA
1964,TTA,L,*,NA
1965,AGC,S,*,NA
1966,CCT,P,*,NA
1967,GTC,V,*,NA
1968,TGG,W,*,NA
1969,TTT,F,*,NA
1970,GCT,A,*,NA
1971,TGC,C,*,NA
1972,CTA,L,*,NA
1973,AAA,K,*,-3.9775027088461523
1974,ATG,M,*,NA
1975,TTA,L,*,NA
1976,CTT,L,*,NA
1977,GAG,E,*,-4.580709140349031
1978,AAG,K,*,NA
1979,CTT,L,*,NA
1980,GGA,G,*,NA
1981,TAC,Y,*,-3.8206184627058613
1982,ACG,T,*,NA
1983,CAC,H,*,NA
1984,AAA,K,*,-3.973406620071164
1985,GAG,E,*,-3.6938789848168256
1986,ACA,T,*,NA
1987,AAC,N,*,NA
1988,TAC,Y,*,-3.6646853901057743
1989,ATT,I,*,NA
1990,GAC,D,*,NA
1991,TAC,Y,*,-4.136166884533207
1992,TTG,L,*,NA
1993,TGC,C,*,NA
1994,AAC,N,*,NA
1995,TCC,S,*,NA
1996,CAT,H,*,NA
1997,CAC,H,*,NA
1998,CTG,L,*,NA
1999,TAC,Y,*,-4.428812139557363
2000,AGG,R,*,NA
2001,GAT,D,*,NA
2002,AAA,K,*,-4.154999393425726
2003,CAT,H,*,NA
2004,TAC,Y,*,-4.684507292332803
2005,TTT,F,*,NA
2006,GTG,V,*,-3.769889964433554
2007,AGG,R,*,NA
2008,GGT,G,*,NA
2009,GGC,G,*,NA
2010,ATG,M,*,NA
2011,CCC,P,*,NA
2012,TCG,S,*,NA
2013,GGA,G,*,NA
2014,TGT,C,*,NA
2015,TCT,S,*,NA
2016,GGT,G,*,NA
2017,ACC,T,*,NA
2018,AGT,S,*,NA
2019,ATT,I,*,NA
2020,TTC,F,*,NA
2021,AAC,N,*,NA
2022,TCA,S,*,NA
2023,ATG,M,*,NA
2024,ATT,I,*,NA
2025,AAC,N,*,NA
2026,AAT,N,*,NA
2027,ATC,I,*,NA
2028,ATA,I,*,NA
2029,ATT,I,*,NA
2030,AGG,R,*,NA
2031,ACA,T,*,NA
2032,CTA,L,*,NA
2033,ATG,M,*,NA
2034,CTA,L,*,NA
2035,AAA,K,*,-4.168501266039662
2036,GTG,V,*,-3.7898245910875574
2037,TAC,Y,*,-3.936786256366388
2038,AAA,K,*,-4.407955684484421
2039,GGG,G,*,NA
2040,ATT,I,*,NA
2041,GAC,D,*,NA
2042,TTG,L,*,NA
2043,GAC,D,*,NA
2044,CAA,Q,*,-4.493130534227822
2045,TTC,F,*,NA
2046,AGG,R,*,NA
2047,ATG,M,*,NA
2048,ATC,I,*,NA
2049,GCA,A,*,NA
2050,TAT,Y,*,NA
2051,GGT,G,*,NA
2052,GAT,D,*,NA
2053,GAT,D,*,NA
2054,GTG,V,*,-4.27075288468447
2055,ATC,I,*,NA
2056,GCA,A,*,NA
2057,TCG,S,*,NA
2058,TAC,Y,*,-4.879321876047848
2059,CCA,P,*,NA
2060,TGG,W,*,NA
2061,CCT,P,*,NA
2062,ATA,I,*,NA
2063,GAT,D,*,NA
2064,GCA,A,*,NA
2065,TCT,S,*,NA
2066,TTA,L,*,NA
2067,CTC,L,*,NA
2068,GCT,A,*,NA
2069,GAA,E,*,-3.5602150398472894
2070,GCT,A,*,NA
2071,GGT,G,*,NA
2072,AAG,K,*,NA
2073,GGT,G,*,NA
2074,TAC,Y,*,-3.85034381364865
2075,GGG,G,*,NA
2076,CTG,L,*,NA
2077,ATC,I,*,NA
2078,ATG,M,*,NA
2079,ACA,T,*,NA
2080,CCA,P,*,NA
2081,GCA,A,*,NA
2082,GAT,D,*,NA
2083,AAG,K,*,NA
2084,GGA,G,*,NA
2085,GAG,E,*,-3.9859789686884946
2086,TGC,C,*,NA
2087,TTT,F,*,NA
2088,AAC,N,*,NA
2089,GAA,E,*,-3.6832154411855043
2090,GTT,V,*,NA
2091,ACC,T,*,NA
2092,TGG,W,*,NA
2093,ACC,T,*,NA
2094,AAC,N,*,NA
2095,GCC,A,*,NA
2096,ACT,T,*,NA
2097,TTC,F,*,NA
2098,CTA,L,*,NA
2099,AAG,K,*,NA
2100,AGG,R,*,NA
2101,TAT,Y,*,NA
2102,TTT,F,*,NA
2103,AGA,R,*,NA
2104,GCA,A,*,NA
2105,GAT,D,*,NA
2106,GAA,E,*,-4.664296977294499
2107,CAG,Q,*,NA
2108,TAC,Y,*,-2.8581290129445045
2109,CCC,P,*,NA
2110,TTC,F,*,NA
2111,CTG,L,*,NA
2112,GTG,V,*,-2.7971172977483056
2113,CAT,H,*,NA
2114,CCT,P,*,NA
2115,GTT,V,*,NA
2116,ATG,M,*,NA
2117,CCC,P,*,NA
2118,ATG,M,*,NA
2119,AAA,K,*,-4.867523668305458
2120,GAC,D,*,NA
2121,ATA,I,*,NA
2122,CAC,H,*,NA
2123,GAA,E,*,-3.8080371423731325
2124,TCA,S,*,NA
2125,ATT,I,*,NA
2126,AGA,R,*,NA
2127,TGG,W,*,NA
2128,ACC,T,*,NA
2129,AAG,K,*,NA
2130,GAT,D,*,NA
2131,CCA,P,*,NA
2132,AAG,K,*,NA
2133,AAC,N,*,NA
2134,ACC,T,*,NA
2135,CAA,Q,*,-4.737092767416929
2136,GAT,D,*,NA
2137,CAC,H,*,NA
2138,GTG,V,*,-4.555611510915255
2139,CGC,R,*,NA
2140,TCA,S,*,NA
2141,CTG,L,*,NA
2142,TGT,C,*,NA
2143,CTA,L,*,NA
2144,TTA,L,*,NA
2145,GCT,A,*,NA
2146,TGG,W,*,NA
2147,CAT,H,*,NA
2148,AAC,N,*,NA
2149,GGG,G,*,NA
2150,GAG,E,*,-4.8278610262338955
2151,CAC,H,*,NA
2152,GAA,E,*,-4.820243837643138
2153,TAT,Y,*,NA
2154,GAG,E,*,-5.09646646499938
2155,GAG,E,*,-4.573577639884177
2156,TTC,F,*,NA
2157,ATC,I,*,NA
2158,CGT,R,*,NA
2159,AAA,K,*,-5.021028324672217
2160,ATT,I,*,NA
2161,AGA,R,*,NA
2162,AGC,S,*,NA
2163,GTC,V,*,NA
2164,CCA,P,*,NA
2165,GTC,V,*,NA
2166,GGA,G,*,NA
2167,CGT,R,*,NA
2168,TGT,C,*,NA
2169,TTG,L,*,NA
2170,ACC,T,*,NA
2171,CTC,L,*,NA
2172,CCC,P,*,NA
2173,GCG,A,*,NA
2174,TTT,F,*,NA
2175,TCA,S,*,NA
2176,ACT,T,*,NA
2177,CTA,L,*,NA
2178,CGC,R,*,NA
2179,AGG,R,*,NA
2180,AAA,K,*,-5.128714400043978
2181,TGG,W,*,NA
2182,TTG,L,*,NA
2183,GAC,D,*,NA
2184,TCC,S,*,NA
2185,TTT,F,*,NA
