site,wildtype,wtAA,mutAA,p2_L2_hela_RPE
847,ACA,T,T,0
848,ATG,M,M,0
849,ACA,T,T,0
850,AAT,N,N,0
851,ACG,T,T,0
852,GGC,G,G,0
853,GCA,A,A,0
854,TTT,F,F,0
855,GGA,G,G,0
856,CAA,Q,Q,0
857,CAA,Q,Q,0
858,TCA,S,S,3.128471954225428e-5
859,GGG,G,G,0
860,GCA,A,A,0
861,GTG,V,V,0
862,TAT,Y,Y,0
863,GTG,V,V,0
864,GGG,G,G,0
865,AAC,N,N,0
866,TAC,Y,Y,0
867,AGG,R,R,4.705764846486179e-5
868,GTG,V,V,0
869,GTA,V,V,0
870,AAT,N,N,0
871,AGA,R,R,6.145360867673115e-5
872,CAT,H,H,0
873,CTA,L,L,-5.0121819553890284e-5
874,GCT,A,A,0
875,ACC,T,T,0
876,AGT,S,S,-8.753305739637051e-5
877,GCT,A,A,0
878,GAC,D,D,0
879,TGG,W,W,0
880,CAA,Q,Q,0
881,AAC,N,N,0
882,TGT,C,C,0
883,GTG,V,V,0
884,TGG,W,W,0
885,GAA,E,E,0
886,AGT,S,S,7.923248445070136e-5
887,TAC,Y,Y,0
888,AAC,N,N,0
889,AGA,R,R,8.440320110185865e-5
890,GAC,D,D,0
891,CTC,L,L,-4.147645828413355e-4
892,TTA,L,L,-3.196106479463149e-5
893,GTG,V,V,0
894,AGC,S,S,-1.4425755035301567e-5
895,ACG,T,T,0
896,ACC,T,T,0
897,ACA,T,T,0
898,GCA,A,A,0
899,CAT,H,H,0
900,GGA,G,G,0
901,TGT,C,C,0
902,GAT,D,D,0
903,ATT,I,I,0
904,ATA,I,I,0
905,GCC,A,A,0
906,AGA,R,R,8.941131182196366e-5
907,TGT,C,C,0
908,CAG,Q,Q,0
909,TGC,C,C,0
910,ACA,T,T,0
911,ACG,T,T,0
912,GGA,G,G,0
913,GTG,V,V,0
914,TAC,Y,Y,0
915,TTT,F,F,0
916,TGT,C,C,0
917,GCG,A,A,0
918,TCC,S,S,-3.6601019021522324e-5
919,AAA,K,K,0
920,AAC,N,N,0
921,AAG,K,K,0
922,CAC,H,H,0
923,TAC,Y,Y,0
924,CCA,P,P,0
925,ATT,I,I,0
926,TCG,S,S,-5.6706897652160925e-5
927,TTT,F,F,0
928,GAA,E,E,0
929,GGA,G,G,0
930,CCA,P,P,0
931,GGT,G,G,0
932,CTA,L,L,8.987750693994208e-5
933,GTA,V,V,0
934,GAG,E,E,0
935,GTC,V,V,0
936,CAA,Q,Q,0
937,GAG,E,E,0
938,AGT,S,S,-5.381816643543216e-6
939,GAA,E,E,0
940,TAC,Y,Y,0
941,TAC,Y,Y,0
942,CCC,P,P,0
943,AGG,R,R,3.798669898397517e-5
944,AGA,R,R,-2.790131959290581e-6
945,TAC,Y,Y,0
946,CAA,Q,Q,0
947,TCC,S,S,7.690699362480122e-5
948,CAT,H,H,0
949,GTG,V,V,0
950,CTT,L,L,8.628807119927177e-6
951,TTA,L,L,-7.358034541728764e-4
952,GCA,A,A,0
953,GCT,A,A,0
954,GGA,G,G,0
955,TTT,F,F,0
956,TCC,S,S,1.2840135930527566e-4
957,GAA,E,E,0
958,CCA,P,P,0
959,GGT,G,G,0
960,GAC,D,D,0
961,TGT,C,C,0
962,GGC,G,G,0
963,GGT,G,G,0
964,ATC,I,I,0
965,CTA,L,L,-9.375921819753863e-5
966,AGG,R,R,6.54896276792788e-5
967,TGT,C,C,0
968,GAG,E,E,0
969,CAT,H,H,0
970,GGT,G,G,0
971,GTC,V,V,0
972,ATT,I,I,0
973,GGC,G,G,0
974,ATT,I,I,0
975,GTG,V,V,0
976,ACC,T,T,0
977,ATG,M,M,0
978,GGG,G,G,0
979,GGT,G,G,0
980,GAA,E,E,0
981,GGC,G,G,0
982,GTG,V,V,0
983,GTC,V,V,0
984,GGC,G,G,0
985,TTT,F,F,0
986,GCA,A,A,0
987,GAC,D,D,0
988,ATC,I,I,0
989,CGT,R,R,7.27369900055752e-5
990,GAT,D,D,0
991,CTC,L,L,-1.0091040238387423e-4
992,CTG,L,L,-3.274572448331608e-5
993,TGG,W,W,0
994,CTG,L,L,1.4558842481016409e-4
995,GAA,E,E,0
996,GAT,D,D,0
997,GAT,D,D,0
998,GCA,A,A,0
999,ATG,M,M,0
1000,GAA,E,E,0
1001,CAG,Q,Q,0
1002,GGA,G,G,0
1003,GTG,V,V,0
1004,AAG,K,K,0
1005,GAC,D,D,0
1006,TAT,Y,Y,0
1007,GTG,V,V,0
1008,GAA,E,E,0
1009,CAG,Q,Q,0
1010,CTT,L,L,2.1524598002734112e-5
1011,GGA,G,G,0
1012,AAT,N,N,0
1013,GCA,A,A,0
1014,TTC,F,F,0
1015,GGC,G,G,0
1016,TCC,S,S,3.932418514327096e-5
1017,GGC,G,G,0
1018,TTT,F,F,0
1019,ACT,T,T,0
1020,AAC,N,N,0
1021,CAA,Q,Q,0
1022,ATA,I,I,0
1023,TGT,C,C,0
1024,GAG,E,E,0
1025,CAA,Q,Q,0
1026,GTC,V,V,0
1027,AAC,N,N,0
1028,CTC,L,L,4.9491517319182274e-5
1029,CTG,L,L,4.0462740655616875e-5
1030,AAA,K,K,0
1031,GAA,E,E,0
1032,TCA,S,S,9.694135272986182e-5
1033,CTA,L,L,-6.78552283119352e-5
1034,GTG,V,V,0
1035,GGT,G,G,0
1036,CAA,Q,Q,0
1037,GAC,D,D,0
1038,TCC,S,S,4.057133489213741e-6
1039,ATC,I,I,0
1040,TTA,L,L,-5.319502241410489e-4
1041,GAG,E,E,0
1042,AAA,K,K,0
1043,TCT,S,S,-8.83273982408576e-5
1044,CTA,L,L,1.4778717120206687e-4
1045,AAA,K,K,0
1046,GCC,A,A,0
1047,TTA,L,L,2.9405650152375784e-5
1048,GTT,V,V,0
1049,AAG,K,K,0
1050,ATA,I,I,0
1051,ATA,I,I,0
1052,TCA,S,S,1.7922260369337187e-5
1053,GCC,A,A,0
1054,TTA,L,L,1.937291495762463e-4
1055,GTA,V,V,0
1056,ATT,I,I,0
1057,GTG,V,V,0
1058,GTG,V,V,0
1059,AGG,R,R,4.490706701528105e-5
1060,AAC,N,N,0
1061,CAC,H,H,0
1062,GAT,D,D,0
1063,GAC,D,D,0
1064,CTG,L,L,6.351140413424092e-5
1065,ATC,I,I,0
1066,ACT,T,T,0
1067,GTG,V,V,0
1068,ACT,T,T,0
1069,GCC,A,A,0
1070,ACA,T,T,0
1071,CTA,L,L,1.0183841246210783e-4
1072,GCC,A,A,0
1073,CTT,L,L,-4.498556587372057e-4
1074,ATC,I,I,0
1075,GGT,G,G,0
1076,TGT,C,C,0
1077,ACC,T,T,0
1078,TCG,S,S,-6.10946183664169e-5
1079,TCC,S,S,1.1079395453467356e-4
1080,CCG,P,P,0
1081,TGG,W,W,0
1082,CGG,R,R,-1.457852561839953e-4
1083,TGG,W,W,0
1084,CTC,L,L,-3.804905373300218e-4
1085,AAA,K,K,0
1086,CAG,Q,Q,0
1087,AAG,K,K,0
1088,GTG,V,V,0
1089,TCA,S,S,9.671154642648661e-6
1090,CAA,Q,Q,0
1091,TAT,Y,Y,0
1092,TAC,Y,Y,0
1093,GGA,G,G,0
1094,ATC,I,I,0
1095,CCT,P,P,0
1096,ATG,M,M,0
1097,GCT,A,A,0
1098,GAA,E,E,0
1099,CGC,R,R,1.0981039424743535e-4
1100,CAA,Q,Q,0
1101,AAC,N,N,0
1102,AAT,N,N,0
1103,AGC,S,S,6.385993637047904e-5
1104,TGG,W,W,0
1105,CTT,L,L,3.622927615363112e-5
1106,AAG,K,K,0
1107,AAA,K,K,0
1108,TTT,F,F,0
1109,ACT,T,T,0
1110,GAA,E,E,0
1111,ATG,M,M,0
1112,ACA,T,T,0
1113,AAT,N,N,0
1114,GCT,A,A,0
1115,TGC,C,C,0
1116,AAG,K,K,0
1117,GGT,G,G,0
1118,ATG,M,M,0
1119,GAA,E,E,0
1120,TGG,W,W,0
1121,ATA,I,I,0
1122,GCT,A,A,0
1123,GTC,V,V,0
1124,AAA,K,K,0
1125,ATT,I,I,0
1126,CAG,Q,Q,0
1127,AAA,K,K,0
1128,TTC,F,F,0
1129,ATT,I,I,0
1130,GAA,E,E,0
1131,TGG,W,W,0
1132,CTC,L,L,1.335837328959444e-4
1133,AAA,K,K,0
1134,GTA,V,V,0
1135,AAA,K,K,0
1136,ATT,I,I,0
1137,TTG,L,L,1.2266571271288696e-4
1138,CCA,P,P,0
1139,GAG,E,E,0
1140,GTC,V,V,0
1141,AGA,R,R,-7.469155756966118e-5
1142,GAA,E,E,0
1143,AAA,K,K,0
1144,CAC,H,H,0
1145,GAG,E,E,0
1146,TTC,F,F,0
1147,CTG,L,L,-1.8858666843231768e-5
1148,AAC,N,N,0
1149,AGA,R,R,-1.1329777021454141e-4
1150,CTT,L,L,-1.2269585488746242e-4
1151,AAA,K,K,0
1152,CAA,Q,Q,0
1153,CTC,L,L,-2.6075669847799176e-4
1154,CCC,P,P,0
1155,TTA,L,L,1.0003027766389935e-4
1156,TTA,L,L,-1.806889081897819e-4
1157,GAA,E,E,0
1158,AGT,S,S,1.3084741119315262e-4
1159,CAG,Q,Q,0
1160,ATC,I,I,0
1161,GCC,A,A,0
1162,ACA,T,T,0
1163,ATC,I,I,0
1164,GAG,E,E,0
1165,CAG,Q,Q,0
1166,AGC,S,S,-8.579148047440828e-6
1167,GCG,A,A,0
1168,CCA,P,P,0
1169,TCC,S,S,-2.564360794502616e-4
1170,CAA,Q,Q,0
1171,AGT,S,S,8.027631645658545e-5
1172,GAC,D,D,0
1173,CAG,Q,Q,0
1174,GAA,E,E,0
1175,CAA,Q,Q,0
1176,TTA,L,L,-9.087916620548214e-5
1177,TTT,F,F,0
1178,TCC,S,S,9.214958725415949e-5
1179,AAT,N,N,0
1180,GTC,V,V,0
1181,CAA,Q,Q,0
1182,TAC,Y,Y,0
1183,TTT,F,F,0
1184,GCC,A,A,0
1185,CAC,H,H,0
1186,TAT,Y,Y,0
1187,TGC,C,C,0
1188,AGA,R,R,-2.7639270480531267e-4
1189,AAG,K,K,0
1190,TAC,Y,Y,0
1191,GCT,A,A,0
1192,CCC,P,P,0
1193,CTC,L,L,2.8103981569212774e-4
1194,TAC,Y,Y,0
1195,GCA,A,A,0
1196,GCT,A,A,0
1197,GAA,E,E,0
1198,GCA,A,A,0
1199,AAG,K,K,0
1200,AGG,R,R,2.0977719360115252e-4
1201,GTG,V,V,0
1202,TTC,F,F,0
1203,TCC,S,S,1.4767529428123382e-4
1204,CTT,L,L,-1.5159915185922e-4
1205,GAG,E,E,0
1206,AAG,K,K,0
1207,AAG,K,K,0
1208,ATG,M,M,0
1209,AGC,S,S,-7.3320887593603e-5
1210,AAT,N,N,0
1211,TAC,Y,Y,0
1212,ATA,I,I,0
1213,CAG,Q,Q,0
1214,TTC,F,F,0
1215,AAG,K,K,0
1216,TCC,S,S,0
1217,AAA,K,K,0
1218,TGC,C,C,0
1219,CGT,R,R,0
1220,ATT,I,I,0
1221,GAA,E,E,0
1222,CCT,P,P,0
1223,GTA,V,V,0
1224,TGT,C,C,0
1225,TTG,L,L,5.222297061226455e-5
1226,CTC,L,L,-2.4580524860007963e-4
1227,CTG,L,L,5.120015661201525e-5
1228,CAC,H,H,0
1229,GGG,G,G,0
1230,AGC,S,S,-4.329943220057422e-4
1231,CCT,P,P,0
1232,GGT,G,G,0
1233,GCC,A,A,0
1234,GGC,G,G,0
1235,AAG,K,K,0
1236,TCG,S,S,2.222830331602714e-5
1237,GTG,V,V,0
1238,GCA,A,A,0
1239,ACA,T,T,0
1240,AAC,N,N,0
1241,TTA,L,L,-6.21789264298109e-4
1242,ATT,I,I,0
1243,GGA,G,G,0
1244,AGG,R,R,-1.1408928550342874e-4
1245,TCG,S,S,-2.3050175045552365e-5
1246,CTT,L,L,3.3297216256334736e-5
1247,GCT,A,A,0
1248,GAG,E,E,0
1249,AAA,K,K,0
1250,CTC,L,L,6.933325046915317e-5
1251,AAC,N,N,0
1252,AGC,S,S,9.981277859944005e-6
1253,TCA,S,S,1.9021113135156745e-4
1254,GTG,V,V,0
1255,TAC,Y,Y,0
1256,TCA,S,S,-1.8360009366150956e-5
1257,CTA,L,L,7.924273380665064e-5
1258,CCG,P,P,0
1259,CCA,P,P,0
1260,GAC,D,D,0
1261,CCA,P,P,0
1262,GAT,D,D,0
1263,CAC,H,H,0
1264,TTC,F,F,0
1265,GAC,D,D,0
1266,GGA,G,G,0
1267,TAC,Y,Y,0
1268,AAA,K,K,0
1269,CAG,Q,Q,0
1270,CAG,Q,Q,0
1271,GCC,A,A,0
1272,GTG,V,V,0
1273,GTG,V,V,0
1274,ATT,I,I,0
1275,ATG,M,M,0
1276,GAC,D,D,0
1277,GAT,D,D,0
1278,CTA,L,L,-4.341063014949879e-5
1279,TGC,C,C,0
1280,CAG,Q,Q,0
1281,AAT,N,N,0
1282,CCT,P,P,0
1283,GAT,D,D,0
1284,GGG,G,G,0
1285,AAA,K,K,0
1286,GAC,D,D,0
1287,GTC,V,V,0
1288,TCC,S,S,1.0479548728772833e-4
1289,TTG,L,L,-1.348286161103186e-4
1290,TTC,F,F,0
1291,TGC,C,C,0
1292,CAA,Q,Q,0
1293,ATG,M,M,0
1294,GTT,V,V,0
1295,TCC,S,S,4.948863283283369e-5
1296,AGT,S,S,8.868881332531998e-5
1297,GTA,V,V,0
1298,GAT,D,D,0
1299,TTT,F,F,0
1300,GTA,V,V,0
1301,CCA,P,P,0
1302,CCC,P,P,0
1303,ATG,M,M,0
1304,GCT,A,A,0
1305,GCC,A,A,0
1306,CTA,L,L,-1.2793925418200952e-4
1307,GAA,E,E,0
1308,GAG,E,E,0
1309,AAA,K,K,0
1310,GGC,G,G,0
1311,ATT,I,I,0
1312,CTG,L,L,-6.315477022276748e-5
1313,TTC,F,F,0
1314,ACC,T,T,0
1315,TCA,S,S,1.0196113047408897e-4
1316,CCG,P,P,0
1317,TTT,F,F,0
1318,GTC,V,V,0
1319,TTG,L,L,2.714327662819114e-4
1320,GCA,A,A,0
1321,TCG,S,S,4.5737794222831334e-5
1322,ACC,T,T,0
1323,AAT,N,N,0
1324,GCA,A,A,0
1325,GGA,G,G,0
1326,TCT,S,S,2.9927812754044033e-4
1327,ATT,I,I,0
1328,AAT,N,N,0
1329,GCT,A,A,0
1330,CCA,P,P,0
1331,ACC,T,T,0
1332,GTG,V,V,0
1333,TCA,S,S,2.048072756289973e-4
1334,GAT,D,D,0
1335,AGC,S,S,-7.326980488333342e-5
1336,AGA,R,R,-1.535808749273054e-4
1337,GCC,A,A,0
1338,TTG,L,L,-2.7380909326198024e-4
1339,GCA,A,A,0
1340,AGG,R,R,-3.4888285653732e-5
1341,AGA,R,R,3.0529225928281557e-4
1342,TTT,F,F,0
1343,CAC,H,H,0
1344,TTT,F,F,0
1345,GAC,D,D,0
1346,ATG,M,M,0
1347,AAC,N,N,0
1348,ATC,I,I,0
1349,GAG,E,E,0
1350,GTT,V,V,0
1351,ATT,I,I,0
1352,TCC,S,S,3.051344109901876e-4
1353,ATG,M,M,0
1354,TAC,Y,Y,0
1355,AGT,S,S,1.4737703559819886e-4
1356,CAG,Q,Q,0
1357,AAT,N,N,0
1358,GGC,G,G,0
1359,AAG,K,K,0
1360,ATA,I,I,0
1361,AAC,N,N,0
1362,ATG,M,M,0
1363,CCC,P,P,0
1364,ATG,M,M,0
1365,TCA,S,S,1.0748953483959122e-4
1366,GTC,V,V,0
1367,AAG,K,K,0
1368,ACT,T,T,0
1369,TGT,C,C,0
1370,GAC,D,D,0
1371,GAT,D,D,0
1372,GAG,E,E,0
1373,TGT,C,C,0
1374,TGC,C,C,0
1375,CCG,P,P,0
1376,GTC,V,V,0
1377,AAT,N,N,0
1378,TTT,F,F,0
1379,AAA,K,K,0
1380,AAG,K,K,0
1381,TGC,C,C,0
1382,TGC,C,C,0
1383,CCT,P,P,0
1384,CTT,L,L,1.9855778319733785e-4
1385,GTG,V,V,0
1386,TGT,C,C,0
1387,GGG,G,G,0
1388,AAG,K,K,0
1389,GCT,A,A,0
1390,ATA,I,I,0
1391,CAA,Q,Q,0
1392,TTC,F,F,0
1393,ATT,I,I,0
1394,GAT,D,D,0
1395,AGA,R,R,1.3373597501117665e-4
1396,AGA,R,R,-9.835980790535489e-5
1397,ACA,T,T,0
1398,CAG,Q,Q,0
1399,GTC,V,V,0
1400,AGA,R,R,3.6596680161608483e-4
1401,TAC,Y,Y,0
1402,TCT,S,S,-6.826953641163535e-5
1403,CTA,L,L,-9.360642424056326e-5
1404,GAC,D,D,0
1405,ATG,M,M,0
1406,CTA,L,L,1.6246547397519907e-5
1407,GTC,V,V,0
1408,ACC,T,T,0
1409,GAG,E,E,0
1410,ATG,M,M,0
1411,TTT,F,F,0
1412,AGG,R,R,1.0970293819981727e-4
1413,GAG,E,E,0
1414,TAC,Y,Y,0
1415,AAT,N,N,0
1416,CAT,H,H,0
1417,AGA,R,R,3.942742834900862e-5
1418,CAT,H,H,0
1419,AGC,S,S,1.960397762990485e-4
1420,GTG,V,V,0
1421,GGG,G,G,0
1422,ACC,T,T,0
1423,ACG,T,T,0
1424,CTT,L,L,2.84203746105537e-7
1425,GAG,E,E,0
1426,GCA,A,A,0
1427,CTG,L,L,-8.171335512286708e-5
1428,TTC,F,F,0
1429,CAG,Q,Q,0
1430,GGA,G,G,0
1431,CCA,P,P,0
1432,CCA,P,P,0
1433,GTA,V,V,0
1434,TAC,Y,Y,0
